web-scraper-order,web-scraper-start-url,Single,Single-href,TItle,Price,Image-src
"1691786153-1","https://www.flipkart.com/search?q=kurta%20green&otracker=search&otracker1=search&marketplace=FLIPKART&as-show=on&as=off","","https://www.flipkart.com/vastani-enterprise-women-embroidered-anarkali-kurta/p/itm7061b0094c7fd?pid=KTAGGRCR8UXDPWH3&lid=LSTKTAGGRCR8UXDPWH3TWP6SJ&marketplace=FLIPKART&q=kurta+green&store=clo%2Fcfv%2Fcib%2Frkt&srno=s_1_40&otracker=search&otracker1=search&iid=ac1ab90f-9b40-4457-acd9-038b21ce03b5.KTAGGRCR8UXDPWH3.SEARCH&ssid=egtc9zq5a80000001691786148892&qH=717edd0ccdad8b13","Women Embroidered Cotton Rayon Anarkali Kurta  (Green)","₹380","https://rukminim2.flixcart.com/image/832/832/xif0q/kurta/d/n/p/m-ss-41-femvy-original-imaggrbjkzg9gngk.jpeg?q=70"
"1691786156-2","https://www.flipkart.com/search?q=kurta%20green&otracker=search&otracker1=search&marketplace=FLIPKART&as-show=on&as=off","","https://www.flipkart.com/sintona-s-brand-women-embroidered-anarkali-kurta/p/itm0853feefbd656?pid=KTAGBHRZHPHK2FNR&lid=LSTKTAGBHRZHPHK2FNROGMCUU&marketplace=FLIPKART&q=kurta+green&store=clo%2Fcfv%2Fcib%2Frkt&srno=s_1_39&otracker=search&otracker1=search&iid=ac1ab90f-9b40-4457-acd9-038b21ce03b5.KTAGBHRZHPHK2FNR.SEARCH&ssid=egtc9zq5a80000001691786148892&qH=717edd0ccdad8b13","Women Embroidered Viscose Rayon Anarkali Kurta  (Green)","₹429","https://rukminim2.flixcart.com/image/832/832/xif0q/kurta/x/d/a/s-zalar-kurta-velace-original-imagbhz55veuw4ej.jpeg?q=70"
"1691786159-3","https://www.flipkart.com/search?q=kurta%20green&otracker=search&otracker1=search&marketplace=FLIPKART&as-show=on&as=off","","https://www.flipkart.com/gn-sales-women-embellished-flared-kurta/p/itm450f8427269d0?pid=KTAGPGSUZNCFFMYK&lid=LSTKTAGPGSUZNCFFMYKQAALGJ&marketplace=FLIPKART&q=kurta+green&store=clo%2Fcfv%2Fcib%2Frkt&srno=s_1_38&otracker=search&otracker1=search&iid=en_xVKwwJvsQuITRtUUEY6WbYIX3QV0_xXQgRB4ETABoJSHhCqUYZbv49r9DlhP5YFPaGBzowNjLn2rlqLRGovaMA%3D%3D&ssid=egtc9zq5a80000001691786148892&qH=717edd0ccdad8b13","Women Embellished Viscose Rayon Flared Kurta  (Light Green)","₹715","https://rukminim2.flixcart.com/image/832/832/xif0q/kurta/f/i/p/6xl-trish00125-trisha-enterprises-original-imagkayudysbdwtj.jpeg?q=70"
"1691786162-4","https://www.flipkart.com/search?q=kurta%20green&otracker=search&otracker1=search&marketplace=FLIPKART&as-show=on&as=off","","https://www.flipkart.com/nypa-women-printed-straight-kurta/p/itm77f4c5e824219?pid=KTAGHPHW8WJFTFJB&lid=LSTKTAGHPHW8WJFTFJBVYVL9T&marketplace=FLIPKART&q=kurta+green&store=clo%2Fcfv%2Fcib%2Frkt&srno=s_1_37&otracker=search&otracker1=search&iid=en_xVKwwJvsQuITRtUUEY6WbYIX3QV0_xXQgRB4ETABoJQmeDtjBwGhl-L2SXmbHPbLsQT0m5YgdREWepNS6ZN8Sg%3D%3D&ssid=egtc9zq5a80000001691786148892&qH=717edd0ccdad8b13","Women Printed Viscose Rayon Straight Kurta  (Green)","₹299","https://rukminim2.flixcart.com/image/832/832/xif0q/kurta/c/u/4/3xl-nf00151rama-nypa-original-imaghphwqfsrtg69.jpeg?q=70"
"1691786165-5","https://www.flipkart.com/search?q=kurta%20green&otracker=search&otracker1=search&marketplace=FLIPKART&as-show=on&as=off","","https://www.flipkart.com/avanshee-women-printed-a-line-kurta/p/itm734b049d2c804?pid=KTAGH77RMT7QTH6X&lid=LSTKTAGH77RMT7QTH6XJUFNF5&marketplace=FLIPKART&q=kurta+green&store=clo%2Fcfv%2Fcib%2Frkt&srno=s_1_36&otracker=search&otracker1=search&iid=ac1ab90f-9b40-4457-acd9-038b21ce03b5.KTAGH77RMT7QTH6X.SEARCH&ssid=egtc9zq5a80000001691786148892&qH=717edd0ccdad8b13","Women Printed Cotton Rayon A-line Kurta  (Green)","₹489","https://rukminim2.flixcart.com/image/832/832/xif0q/kurta/v/n/e/xxl-nayra-3-avanshee-original-imagh77r8xgxvvz9.jpeg?q=70"
"1691786168-6","https://www.flipkart.com/search?q=kurta%20green&otracker=search&otracker1=search&marketplace=FLIPKART&as-show=on&as=off","","https://www.flipkart.com/dammode-women-embellished-anarkali-kurta/p/itmce568d3afc561?pid=KTAGGHGYDRQDUYGN&lid=LSTKTAGGHGYDRQDUYGNVHUNM1&marketplace=FLIPKART&q=kurta+green&store=clo%2Fcfv%2Fcib%2Frkt&srno=s_1_35&otracker=search&otracker1=search&iid=ac1ab90f-9b40-4457-acd9-038b21ce03b5.KTAGGHGYDRQDUYGN.SEARCH&ssid=egtc9zq5a80000001691786148892&qH=717edd0ccdad8b13","Women Embellished Cotton Rayon Anarkali Kurta  (Green)","₹599","https://rukminim2.flixcart.com/image/832/832/xif0q/kurta/j/1/y/3xl-410-dammode-original-imaggmg6jh6r4sge.jpeg?q=70"
"1691786171-7","https://www.flipkart.com/search?q=kurta%20green&otracker=search&otracker1=search&marketplace=FLIPKART&as-show=on&as=off","","https://www.flipkart.com/jai-vijay-creations-women-printed-anarkali-kurta/p/itm943fd9f32cf56?pid=KTAGNSHHFKEDWCHZ&lid=LSTKTAGNSHHFKEDWCHZXPXFNK&marketplace=FLIPKART&q=kurta+green&store=clo%2Fcfv%2Fcib%2Frkt&srno=s_1_34&otracker=search&otracker1=search&iid=ac1ab90f-9b40-4457-acd9-038b21ce03b5.KTAGNSHHFKEDWCHZ.SEARCH&ssid=egtc9zq5a80000001691786148892&qH=717edd0ccdad8b13","Women Printed Viscose Rayon Anarkali Kurta  (Green)","₹455","https://rukminim2.flixcart.com/image/832/832/xif0q/kurta/p/q/b/xxl-vr-matr-green-jhal-sonava-club-original-imagmu6nyr6y6c4s.jpeg?q=70"
"1691786174-8","https://www.flipkart.com/search?q=kurta%20green&otracker=search&otracker1=search&marketplace=FLIPKART&as-show=on&as=off","","https://www.flipkart.com/bfk-women-printed-a-line-kurta/p/itm3ee84c046335d?pid=KTAGMFH8KXPCQGJS&lid=LSTKTAGMFH8KXPCQGJSSASCDY&marketplace=FLIPKART&q=kurta+green&store=clo%2Fcfv%2Fcib%2Frkt&srno=s_1_33&otracker=search&otracker1=search&iid=ac1ab90f-9b40-4457-acd9-038b21ce03b5.KTAGMFH8KXPCQGJS.SEARCH&ssid=egtc9zq5a80000001691786148892&qH=717edd0ccdad8b13","Women Printed Viscose Rayon A-line Kurta  (Green)","₹315","https://rukminim2.flixcart.com/image/832/832/xif0q/kurta/e/k/d/xl-353-bfk-original-imagmeuhegczynr6.jpeg?q=70"
"1691786177-9","https://www.flipkart.com/search?q=kurta%20green&otracker=search&otracker1=search&marketplace=FLIPKART&as-show=on&as=off","","https://www.flipkart.com/dmp-fashion-women-embroidered-flared-kurta/p/itme06066d73ce5d?pid=KTAFW3Z5BGZU5NEM&lid=LSTKTAFW3Z5BGZU5NEMNFFNEL&marketplace=FLIPKART&q=kurta+green&store=clo%2Fcfv%2Fcib%2Frkt&srno=s_1_32&otracker=search&otracker1=search&iid=en_xVKwwJvsQuITRtUUEY6WbYIX3QV0_xXQgRB4ETABoJSJgsIF77A60jnx8AFzN4FSS67uSCC4f48bUatmqN8_IA%3D%3D&ssid=egtc9zq5a80000001691786148892&qH=717edd0ccdad8b13","Women Embroidered Viscose Rayon Flared Kurta  (Dark Green)","₹599","https://rukminim2.flixcart.com/image/832/832/kfpq5jk0-0/kurta/4/f/j/xxl-dmp233-dmp-fashion-original-imafw3z5h8m4tyt4.jpeg?q=70"
"1691786180-10","https://www.flipkart.com/search?q=kurta%20green&otracker=search&otracker1=search&marketplace=FLIPKART&as-show=on&as=off","","https://www.flipkart.com/absara-women-colorblock-a-line-kurta/p/itm5fb0486493126?pid=KTAGR5RDYAHYF2CQ&lid=LSTKTAGR5RDYAHYF2CQRKHNCS&marketplace=FLIPKART&q=kurta+green&store=clo%2Fcfv%2Fcib%2Frkt&srno=s_1_31&otracker=search&otracker1=search&iid=en_xVKwwJvsQuITRtUUEY6WbYIX3QV0_xXQgRB4ETABoJT-ULQNs-gRcCL80uM83AJfRfuY26CYGM_z3-i6l0z10g%3D%3D&ssid=egtc9zq5a80000001691786148892&qH=717edd0ccdad8b13","Pack of 2 Women Colorblock Viscose Rayon A-line Kurta  (Green)","₹601","https://rukminim2.flixcart.com/image/832/832/xif0q/ethnic-set/t/g/h/3xl-kurta-pant-set-peershah-original-imaghyttrgbuvh4t.jpeg?q=70"
"1691786183-11","https://www.flipkart.com/search?q=kurta%20green&otracker=search&otracker1=search&marketplace=FLIPKART&as-show=on&as=off","","https://www.flipkart.com/max-women-embroidered-straight-kurta/p/itm931e82edd31ed?pid=KTAGGGHHDJXMFVCU&lid=LSTKTAGGGHHDJXMFVCULHATTJ&marketplace=FLIPKART&q=kurta+green&store=clo%2Fcfv%2Fcib%2Frkt&srno=s_1_30&otracker=search&otracker1=search&iid=ac1ab90f-9b40-4457-acd9-038b21ce03b5.KTAGGGHHDJXMFVCU.SEARCH&ssid=egtc9zq5a80000001691786148892&qH=717edd0ccdad8b13","Women Embroidered Pure Cotton Straight Kurta  (Green)","₹999","https://rukminim2.flixcart.com/image/832/832/xif0q/kurta/u/d/k/xxl-tfes22wwph20olive-max-original-imaggghgfgputhe5.jpeg?q=70"
"1691786186-12","https://www.flipkart.com/search?q=kurta%20green&otracker=search&otracker1=search&marketplace=FLIPKART&as-show=on&as=off","","https://www.flipkart.com/kamdev-women-printed-a-line-kurta/p/itm3a9dad60f9c5f?pid=KTAGKQNDMEWGQZVH&lid=LSTKTAGKQNDMEWGQZVHPEHORI&marketplace=FLIPKART&q=kurta+green&store=clo%2Fcfv%2Fcib%2Frkt&srno=s_1_29&otracker=search&otracker1=search&iid=ac1ab90f-9b40-4457-acd9-038b21ce03b5.KTAGKQNDMEWGQZVH.SEARCH&ssid=egtc9zq5a80000001691786148892&qH=717edd0ccdad8b13","Women Printed Viscose Rayon A-line Kurta  (Green)","₹342","https://rukminim2.flixcart.com/image/832/832/xif0q/kurta/u/8/h/xl-1011-kamdev-original-imagkqndxnwztfaa.jpeg?q=70"
"1691786189-13","https://www.flipkart.com/search?q=kurta%20green&otracker=search&otracker1=search&marketplace=FLIPKART&as-show=on&as=off","","https://www.flipkart.com/jaipurite-women-paisley-frontslit-kurta/p/itm6a981e4b4bcad?pid=KTAG9Q44FGSAPVZM&lid=LSTKTAG9Q44FGSAPVZMHJSVIU&marketplace=FLIPKART&q=kurta+green&store=clo%2Fcfv%2Fcib%2Frkt&srno=s_1_28&otracker=search&otracker1=search&iid=en_xVKwwJvsQuITRtUUEY6WbYIX3QV0_xXQgRB4ETABoJQMwow2O81g8MV3tE0PR8kjCToftvle_t5mEqbWkI2ImA%3D%3D&ssid=egtc9zq5a80000001691786148892&qH=717edd0ccdad8b13","Women Paisley Viscose Rayon Frontslit Kurta  (Green)","₹753","https://rukminim2.flixcart.com/image/832/832/xif0q/kurta/2/n/q/3xl-jai1014-jaipurite-original-imagg2zgmgyrgz2z.jpeg?q=70"
"1691786192-14","https://www.flipkart.com/search?q=kurta%20green&otracker=search&otracker1=search&marketplace=FLIPKART&as-show=on&as=off","","https://www.flipkart.com/varicos-women-printed-a-line-kurta/p/itm35c2636fceeda?pid=KTAGRFFYZHATNH97&lid=LSTKTAGRFFYZHATNH97MKXOHU&marketplace=FLIPKART&q=kurta+green&store=clo%2Fcfv%2Fcib%2Frkt&srno=s_1_27&otracker=search&otracker1=search&iid=en_xVKwwJvsQuITRtUUEY6WbYIX3QV0_xXQgRB4ETABoJSgOfiwGNYpYfmPEE6FsBQ0FOKmWvmA54b2uElKGsfbGw%3D%3D&ssid=egtc9zq5a80000001691786148892&qH=717edd0ccdad8b13","Women Printed Cotton Blend A-line Kurta  (Green)","₹799","https://rukminim2.flixcart.com/image/832/832/xif0q/kurta/h/6/b/m-k406-varicos-original-imagrfeycepsfcqx.jpeg?q=70"
"1691786195-15","https://www.flipkart.com/search?q=kurta%20green&otracker=search&otracker1=search&marketplace=FLIPKART&as-show=on&as=off","","https://www.flipkart.com/gomoswa-international-women-embroidered-a-line-kurta/p/itm8b50fcf2b3042?pid=KTAGGQHRSZNMWXJK&lid=LSTKTAGGQHRSZNMWXJKVNJJRB&marketplace=FLIPKART&q=kurta+green&store=clo%2Fcfv%2Fcib%2Frkt&srno=s_1_26&otracker=search&otracker1=search&iid=ac1ab90f-9b40-4457-acd9-038b21ce03b5.KTAGGQHRSZNMWXJK.SEARCH&ssid=egtc9zq5a80000001691786148892&qH=717edd0ccdad8b13","Women Embroidered Viscose Rayon A-line Kurta  (Green)","₹429","https://rukminim2.flixcart.com/image/832/832/xif0q/kurta/z/y/6/xl-fd5000-gomoswa-international-original-imaggqhrmkj5y84h.jpeg?q=70"
"1691786198-16","https://www.flipkart.com/search?q=kurta%20green&otracker=search&otracker1=search&marketplace=FLIPKART&as-show=on&as=off","","https://www.flipkart.com/pearl-ind-women-printed-straight-kurta/p/itmf1f241b9280d9?pid=KTAGY7Y8KDFSDMHH&lid=LSTKTAGY7Y8KDFSDMHHDIO3BC&marketplace=FLIPKART&q=kurta+green&store=clo%2Fcfv%2Fcib%2Frkt&srno=s_1_25&otracker=search&otracker1=search&iid=ac1ab90f-9b40-4457-acd9-038b21ce03b5.KTAGY7Y8KDFSDMHH.SEARCH&ssid=egtc9zq5a80000001691786148892&qH=717edd0ccdad8b13","Women Printed Viscose Rayon Straight Kurta  (Green)","₹439","https://rukminim2.flixcart.com/image/832/832/k7assy80/kurti/f/g/f/l-kantha-pearl-ind-original-imafpjw3qpjusgzg.jpeg?q=70"
"1691786201-17","https://www.flipkart.com/search?q=kurta%20green&otracker=search&otracker1=search&marketplace=FLIPKART&as-show=on&as=off","","https://www.flipkart.com/mokshi-women-dyed-ombre-a-line-kurta/p/itm78561ee5ad9f7?pid=KTAGM5WPGHFYUKZC&lid=LSTKTAGM5WPGHFYUKZCU0IYWB&marketplace=FLIPKART&q=kurta+green&store=clo%2Fcfv%2Fcib%2Frkt&srno=s_1_24&otracker=search&otracker1=search&iid=ac1ab90f-9b40-4457-acd9-038b21ce03b5.KTAGM5WPGHFYUKZC.SEARCH&ssid=egtc9zq5a80000001691786148892&qH=717edd0ccdad8b13","Women Dyed/Ombre Viscose Rayon A-line Kurta  (Green)","₹369","https://rukminim2.flixcart.com/image/832/832/xif0q/kurta/9/t/c/m-ku779grn-mokshi-original-imagm5wzqgthgaw8.jpeg?q=70"
"1691786204-18","https://www.flipkart.com/search?q=kurta%20green&otracker=search&otracker1=search&marketplace=FLIPKART&as-show=on&as=off","","https://www.flipkart.com/vastani-enterprise-women-embroidered-straight-kurta/p/itm3c68999b70c88?pid=KTAGAHSKVGH8U6UU&lid=LSTKTAGAHSKVGH8U6UUUVSQVI&marketplace=FLIPKART&q=kurta+green&store=clo%2Fcfv%2Fcib%2Frkt&srno=s_1_23&otracker=search&otracker1=search&iid=ac1ab90f-9b40-4457-acd9-038b21ce03b5.KTAGAHSKVGH8U6UU.SEARCH&ssid=egtc9zq5a80000001691786148892&qH=717edd0ccdad8b13","Women Embroidered Georgette Straight Kurta  (Green)","₹375","https://rukminim2.flixcart.com/image/832/832/kxz0pe80/kurta/u/w/v/s-ss-31-hitu-green-femvy-original-imagab5t5jjhzxbz.jpeg?q=70"
"1691786207-19","https://www.flipkart.com/search?q=kurta%20green&otracker=search&otracker1=search&marketplace=FLIPKART&as-show=on&as=off","","https://www.flipkart.com/vk-kurtis-women-floral-print-anarkali-kurta/p/itmf032514aa0bff?pid=KTAGH2UFWHXESTGE&lid=LSTKTAGH2UFWHXESTGE9SFHPM&marketplace=FLIPKART&q=kurta+green&store=clo%2Fcfv%2Fcib%2Frkt&srno=s_1_22&otracker=search&otracker1=search&iid=en_xVKwwJvsQuITRtUUEY6WbYIX3QV0_xXQgRB4ETABoJQE7lLAu64EAsFa-UVl4CwjkuTSrm47AS9cz3h7-9UuDw%3D%3D&ssid=egtc9zq5a80000001691786148892&qH=717edd0ccdad8b13","Women Floral Print Viscose Rayon Anarkali Kurta  (Green)","₹599","https://rukminim2.flixcart.com/image/832/832/xif0q/kurta/v/m/t/3xl-wk-270-vk-kurtis-original-imagh3xycbeus4gq.jpeg?q=70"
"1691786211-20","https://www.flipkart.com/search?q=kurta%20green&otracker=search&otracker1=search&marketplace=FLIPKART&as-show=on&as=off","","https://www.flipkart.com/angarkha-women-printed-flared-kurta/p/itm4a18ae6261e33?pid=KTAGRU4PVEXKGE8J&lid=LSTKTAGRU4PVEXKGE8JADQW3D&marketplace=FLIPKART&q=kurta+green&store=clo%2Fcfv%2Fcib%2Frkt&srno=s_1_21&otracker=search&otracker1=search&iid=en_xVKwwJvsQuITRtUUEY6WbYIX3QV0_xXQgRB4ETABoJQs0zDc4S7SZc4gfXJVsTt5LGCJGgtNmUhs52SBjOhCAg%3D%3D&ssid=egtc9zq5a80000001691786148892&qH=717edd0ccdad8b13","Women Printed Viscose Rayon Flared Kurta  (Green)","₹399","https://rukminim2.flixcart.com/image/832/832/xif0q/kurta/s/w/a/xl-nayra-cut-angarkha-original-imagru4pfhgjgceh.jpeg?q=70"
"1691786214-21","https://www.flipkart.com/search?q=kurta%20green&otracker=search&otracker1=search&marketplace=FLIPKART&as-show=on&as=off","","https://www.flipkart.com/dargu-women-floral-print-anarkali-kurta/p/itm959ae8947c8ec?pid=KTAGZFYUVEWFRZA5&lid=LSTKTAGZFYUVEWFRZA5WNKUAF&marketplace=FLIPKART&q=kurta+green&store=clo%2Fcfv%2Fcib%2Frkt&srno=s_1_20&otracker=search&otracker1=search&iid=ac1ab90f-9b40-4457-acd9-038b21ce03b5.KTAGZFYUVEWFRZA5.SEARCH&ssid=egtc9zq5a80000001691786148892&qH=717edd0ccdad8b13","Women Floral Print Viscose Rayon Anarkali Kurta  (Green)","₹419","https://rukminim2.flixcart.com/image/832/832/xif0q/kurta/j/l/o/xxl-kud3089-green-dargu-original-imagzfyqc5cazguj.jpeg?q=70"
"1691786217-22","https://www.flipkart.com/search?q=kurta%20green&otracker=search&otracker1=search&marketplace=FLIPKART&as-show=on&as=off","","https://www.flipkart.com/mokshi-women-floral-print-straight-kurta/p/itm0a2380f7cd48e?pid=KTAGK5MFCUZF5ZVQ&lid=LSTKTAGK5MFCUZF5ZVQFJTILH&marketplace=FLIPKART&q=kurta+green&store=clo%2Fcfv%2Fcib%2Frkt&spotlightTagId=BestsellerId_clo%2Fcfv%2Fcib%2Frkt&srno=s_1_19&otracker=search&otracker1=search&iid=ac1ab90f-9b40-4457-acd9-038b21ce03b5.KTAGK5MFCUZF5ZVQ.SEARCH&ssid=egtc9zq5a80000001691786148892&qH=717edd0ccdad8b13","Women Floral Print Viscose Rayon Straight Kurta  (Green)","₹349","https://rukminim2.flixcart.com/image/832/832/xif0q/kurta/2/y/0/s-ku767grn-mokshi-original-imagk5myfhduxgfq.jpeg?q=70"
"1691786220-23","https://www.flipkart.com/search?q=kurta%20green&otracker=search&otracker1=search&marketplace=FLIPKART&as-show=on&as=off","","https://www.flipkart.com/sangouri-women-printed-anarkali-kurta/p/itm6fe1644faf27a?pid=KTAGRPVSC83S3CS5&lid=LSTKTAGRPVSC83S3CS5XZCBGV&marketplace=FLIPKART&q=kurta+green&store=clo%2Fcfv%2Fcib%2Frkt&srno=s_1_18&otracker=search&otracker1=search&iid=en_xVKwwJvsQuITRtUUEY6WbYIX3QV0_xXQgRB4ETABoJT_KN7PqwC6plLyBeu83Y3614Lkd_KrPFGsphSpQeHOfw%3D%3D&ssid=egtc9zq5a80000001691786148892&qH=717edd0ccdad8b13","Women Printed Viscose Rayon Anarkali Kurta  (Green)","₹499","https://rukminim2.flixcart.com/image/832/832/xif0q/kurta/q/x/h/xs-1030-flarekurta1-sangouri-original-imagrpvsux2hgupf.jpeg?q=70"
"1691786223-24","https://www.flipkart.com/search?q=kurta%20green&otracker=search&otracker1=search&marketplace=FLIPKART&as-show=on&as=off","","https://www.flipkart.com/sunet-fashion-women-printed-straight-kurta/p/itm6381334d9650d?pid=KTAGP7H5GAQRW3MY&lid=LSTKTAGP7H5GAQRW3MYNHUWKP&marketplace=FLIPKART&q=kurta+green&store=clo%2Fcfv%2Fcib%2Frkt&srno=s_1_17&otracker=search&otracker1=search&iid=en_xVKwwJvsQuITRtUUEY6WbYIX3QV0_xXQgRB4ETABoJSwj2JF8litkYLXdnFnVnA-AZOxrqlTKeZUODN540dLew%3D%3D&ssid=egtc9zq5a80000001691786148892&qH=717edd0ccdad8b13","Women Printed Viscose Rayon Straight Kurta  (Light Green)","₹349","https://rukminim2.flixcart.com/image/832/832/xif0q/kurta/l/w/b/3xl-jsb-emdmoti-printed-kurti-jsb-fashion-original-imagp6q3a3nu3ggr.jpeg?q=70"
"1691786226-25","https://www.flipkart.com/search?q=kurta%20green&otracker=search&otracker1=search&marketplace=FLIPKART&as-show=on&as=off","","https://www.flipkart.com/mewear-women-printed-anarkali-kurta/p/itm845b552850c14?pid=KTAG8XB3GU28QVZF&lid=LSTKTAG8XB3GU28QVZFRSC8RM&marketplace=FLIPKART&q=kurta+green&store=clo%2Fcfv%2Fcib%2Frkt&srno=s_1_16&otracker=search&otracker1=search&iid=ac1ab90f-9b40-4457-acd9-038b21ce03b5.KTAG8XB3GU28QVZF.SEARCH&ssid=egtc9zq5a80000001691786148892&qH=717edd0ccdad8b13","Women Printed Viscose Rayon Anarkali Kurta  (Green)","₹352","https://rukminim2.flixcart.com/image/832/832/xif0q/ethnic-set/9/y/v/xxl-greenhardup-twiee-original-imagppe7wspqe9kb.jpeg?q=70"
"1691786229-26","https://www.flipkart.com/search?q=kurta%20green&otracker=search&otracker1=search&marketplace=FLIPKART&as-show=on&as=off","","https://www.flipkart.com/ganesham-women-printed-anarkali-kurta/p/itme3cd6ed176ce5?pid=KTAGN9P94Y2EXDH8&lid=LSTKTAGN9P94Y2EXDH8JMGS5V&marketplace=FLIPKART&q=kurta+green&store=clo%2Fcfv%2Fcib%2Frkt&srno=s_1_15&otracker=search&otracker1=search&iid=ac1ab90f-9b40-4457-acd9-038b21ce03b5.KTAGN9P94Y2EXDH8.SEARCH&ssid=egtc9zq5a80000001691786148892&qH=717edd0ccdad8b13","Women Printed Viscose Rayon Anarkali Kurta  (Green)","₹636","https://rukminim2.flixcart.com/image/832/832/xif0q/kurta/p/z/p/xl-kurti-227-green-dss-fashion-original-imagjvzw8ujaakky.jpeg?q=70"
"1691786232-27","https://www.flipkart.com/search?q=kurta%20green&otracker=search&otracker1=search&marketplace=FLIPKART&as-show=on&as=off","","https://www.flipkart.com/rangrasiya-tex-women-striped-anarkali-kurta/p/itmf15677306416c?pid=KTAG9ANYRB5YFFFP&lid=LSTKTAG9ANYRB5YFFFPFUJAQR&marketplace=FLIPKART&q=kurta+green&store=clo%2Fcfv%2Fcib%2Frkt&srno=s_1_14&otracker=search&otracker1=search&iid=ac1ab90f-9b40-4457-acd9-038b21ce03b5.KTAG9ANYRB5YFFFP.SEARCH&ssid=egtc9zq5a80000001691786148892&qH=717edd0ccdad8b13","Women Striped Pure Cotton Anarkali Kurta  (Green)","₹325","https://rukminim2.flixcart.com/image/832/832/xif0q/kurta/6/o/f/l-4006to4010-rangrasiya-tex-original-imag9agabqkg5d6r-bb.jpeg?q=70"
"1691786235-28","https://www.flipkart.com/search?q=kurta%20green&otracker=search&otracker1=search&marketplace=FLIPKART&as-show=on&as=off","","https://www.flipkart.com/glowworld-women-printed-straight-kurta/p/itm144d0ba00f2fe?pid=KTAFWZHFVBZVRDYH&lid=LSTKTAFWZHFVBZVRDYHSQN6S5&marketplace=FLIPKART&q=kurta+green&store=clo%2Fcfv%2Fcib%2Frkt&srno=s_1_13&otracker=search&otracker1=search&iid=ac1ab90f-9b40-4457-acd9-038b21ce03b5.KTAFWZHFVBZVRDYH.SEARCH&ssid=egtc9zq5a80000001691786148892&qH=717edd0ccdad8b13","Women Printed Pure Cotton Straight Kurta  (Green)","₹279","https://rukminim2.flixcart.com/image/832/832/xif0q/kurta/a/b/c/l-gw104-glowworld-original-imagpnhxg9zfu8qd.jpeg?q=70"
"1691786238-29","https://www.flipkart.com/search?q=kurta%20green&otracker=search&otracker1=search&marketplace=FLIPKART&as-show=on&as=off","","https://www.flipkart.com/annu-paridhan-women-embroidered-flared-kurta/p/itm6a006db631726?pid=KTAG9CJNH7ZGTRRZ&lid=LSTKTAG9CJNH7ZGTRRZMAOCIG&marketplace=FLIPKART&q=kurta+green&store=clo%2Fcfv%2Fcib%2Frkt&srno=s_1_12&otracker=search&otracker1=search&iid=en_xVKwwJvsQuITRtUUEY6WbYIX3QV0_xXQgRB4ETABoJRFapGr4n5_7SNe-n8IETc7FPA1Tzd8jhyP1Fhhgt2NhA%3D%3D&ssid=egtc9zq5a80000001691786148892&qH=717edd0ccdad8b13","Women Embroidered Viscose Rayon Flared Kurta  (Green)","₹359","https://rukminim2.flixcart.com/image/832/832/xif0q/kurta/j/x/4/m-anu1174-annu-paridhan-original-imag9cjmf8uzj7br-bb.jpeg?q=70"
"1691786241-30","https://www.flipkart.com/search?q=kurta%20green&otracker=search&otracker1=search&marketplace=FLIPKART&as-show=on&as=off","","https://www.flipkart.com/sangouri-women-floral-print-straight-kurta/p/itm7b470a999c36a?pid=KTAGRPTZRAYHXGB2&lid=LSTKTAGRPTZRAYHXGB2X0PXBP&marketplace=FLIPKART&q=kurta+green&store=clo%2Fcfv%2Fcib%2Frkt&srno=s_1_11&otracker=search&otracker1=search&iid=en_xVKwwJvsQuITRtUUEY6WbYIX3QV0_xXQgRB4ETABoJSJCv8s8kq9W8oFw_0Q8juWVkBxyNiFQMtDPtAQ2OV-1A%3D%3D&ssid=egtc9zq5a80000001691786148892&qH=717edd0ccdad8b13","Women Floral Print Viscose Rayon Straight Kurta  (Green)","₹449","https://rukminim2.flixcart.com/image/832/832/xif0q/kurta/t/i/d/xxl-1031-nairakurta1-sangouri-original-imagrpxhh9bgmskn.jpeg?q=70"
"1691786244-31","https://www.flipkart.com/search?q=kurta%20green&otracker=search&otracker1=search&marketplace=FLIPKART&as-show=on&as=off","","https://www.flipkart.com/shobhit-women-printed-straight-kurta/p/itmea62a49bdefbf?pid=KTAGZ64SJEZFDZHE&lid=LSTKTAGZ64SJEZFDZHEMSJW9H&marketplace=FLIPKART&q=kurta+green&store=clo%2Fcfv%2Fcib%2Frkt&srno=s_1_10&otracker=search&otracker1=search&iid=ac1ab90f-9b40-4457-acd9-038b21ce03b5.KTAGZ64SJEZFDZHE.SEARCH&ssid=egtc9zq5a80000001691786148892&qH=717edd0ccdad8b13","Women Printed Viscose Rayon Straight Kurta  (Green)","₹278","https://rukminim2.flixcart.com/image/832/832/xif0q/kurta/e/o/p/xxl-na-om-2122-shobhit-original-imagz64qtssvdxu2.jpeg?q=70"
"1691786247-32","https://www.flipkart.com/search?q=kurta%20green&otracker=search&otracker1=search&marketplace=FLIPKART&as-show=on&as=off","","https://www.flipkart.com/jaffry-embroidery-women-printed-straight-kurta/p/itm32ffa685e308f?pid=KTAG93UQ9SWF9BSP&lid=LSTKTAG93UQ9SWF9BSP0ZRK0I&marketplace=FLIPKART&q=kurta+green&store=clo%2Fcfv%2Fcib%2Frkt&spotlightTagId=BestsellerId_clo%2Fcfv%2Fcib%2Frkt&srno=s_1_9&otracker=search&otracker1=search&iid=ac1ab90f-9b40-4457-acd9-038b21ce03b5.KTAG93UQ9SWF9BSP.SEARCH&ssid=egtc9zq5a80000001691786148892&qH=717edd0ccdad8b13","Women Printed Viscose Rayon Straight Kurta  (Green)","₹339","https://rukminim2.flixcart.com/image/832/832/xif0q/kurta/9/i/x/xl-863-green-jaffry-embroidery-original-imag93um4wzkmxxe-bb.jpeg?q=70"
"1691786250-33","https://www.flipkart.com/search?q=kurta%20green&otracker=search&otracker1=search&marketplace=FLIPKART&as-show=on&as=off","","https://www.flipkart.com/anushansa-women-floral-print-anarkali-kurta/p/itm57706a658006b?pid=KTAGC94FDA2M9YEQ&lid=LSTKTAGC94FDA2M9YEQ3C08HV&marketplace=FLIPKART&q=kurta+green&store=clo%2Fcfv%2Fcib%2Frkt&srno=s_1_8&otracker=search&otracker1=search&iid=en_xVKwwJvsQuITRtUUEY6WbYIX3QV0_xXQgRB4ETABoJTc0kyLT7zIpXHrPbUaskQ2aeBaJqT0mdegMZYpOGsSKQ%3D%3D&ssid=egtc9zq5a80000001691786148892&qH=717edd0ccdad8b13","Women Floral Print Viscose Rayon Anarkali Kurta  (Green)","₹369","https://rukminim2.flixcart.com/image/832/832/xif0q/kurta/y/o/g/xl-4colour-flower-kurti-anushansa-original-imagc94fymgd9uf7-bb.jpeg?q=70"
"1691786253-34","https://www.flipkart.com/search?q=kurta%20green&otracker=search&otracker1=search&marketplace=FLIPKART&as-show=on&as=off","","https://www.flipkart.com/pmd-fashion-women-embellished-anarkali-kurta/p/itm83ecb8408083c?pid=KTAGMUAGUC9WABYJ&lid=LSTKTAGMUAGUC9WABYJF5CA7C&marketplace=FLIPKART&q=kurta+green&store=clo%2Fcfv%2Fcib%2Frkt&srno=s_1_7&otracker=search&otracker1=search&iid=ac1ab90f-9b40-4457-acd9-038b21ce03b5.KTAGMUAGUC9WABYJ.SEARCH&ssid=egtc9zq5a80000001691786148892&qH=717edd0ccdad8b13","Women Embellished Georgette Anarkali Kurta  (Green)","₹579","https://rukminim2.flixcart.com/image/832/832/kyj0vbk0/kurta/h/k/3/s-kurti-with-dupatta-hesvi-original-imagaqurywu4zug4.jpeg?q=70"
"1691786256-35","https://www.flipkart.com/search?q=kurta%20green&otracker=search&otracker1=search&marketplace=FLIPKART&as-show=on&as=off","","https://www.flipkart.com/zivapez-women-floral-print-frontslit-kurta/p/itmbdcf043f5521e?pid=KTAGZHQZEGUEKQ4Z&lid=LSTKTAGZHQZEGUEKQ4ZFQPHAO&marketplace=FLIPKART&q=kurta+green&store=clo%2Fcfv%2Fcib%2Frkt&srno=s_1_6&otracker=search&otracker1=search&iid=ac1ab90f-9b40-4457-acd9-038b21ce03b5.KTAGZHQZEGUEKQ4Z.SEARCH&ssid=egtc9zq5a80000001691786148892&qH=717edd0ccdad8b13","Women Floral Print Pure Cotton Frontslit Kurta  (Green)","₹283","https://rukminim2.flixcart.com/image/832/832/xif0q/shopsy-kurta/b/a/d/s-stylish-kurti-hiyanta-fab-original-imaggzhfpbpdd43k.jpeg?q=70"
"1691786259-36","https://www.flipkart.com/search?q=kurta%20green&otracker=search&otracker1=search&marketplace=FLIPKART&as-show=on&as=off","","https://www.flipkart.com/libas-women-embellished-straight-kurta/p/itmf8sj4hyhhashe?pid=KTAF8SGYJNYRQB8Q&lid=LSTKTAF8SGYJNYRQB8QMBPUHL&marketplace=FLIPKART&q=kurta+green&store=clo%2Fcfv%2Fcib%2Frkt&srno=s_1_5&otracker=search&otracker1=search&iid=ac1ab90f-9b40-4457-acd9-038b21ce03b5.KTAF8SGYJNYRQB8Q.SEARCH&ssid=egtc9zq5a80000001691786148892&qH=717edd0ccdad8b13","Women Embellished Viscose Rayon Straight Kurta  (Green)","₹495","https://rukminim2.flixcart.com/image/832/832/xif0q/kurta/h/e/c/s-7333-green-libas-original-imafpz7gywctx8vz-bb.jpeg?q=70"
"1691786262-37","https://www.flipkart.com/search?q=kurta%20green&otracker=search&otracker1=search&marketplace=FLIPKART&as-show=on&as=off","","https://www.flipkart.com/libas-women-abstract-pathani-kurta/p/itmf35r4hke6zhqk?pid=KTAF35R4GRZE5BVG&lid=LSTKTAF35R4GRZE5BVGCD4EY6&marketplace=FLIPKART&q=kurta+green&store=clo%2Fcfv%2Fcib%2Frkt&srno=s_1_4&otracker=search&otracker1=search&iid=ac1ab90f-9b40-4457-acd9-038b21ce03b5.KTAF35R4GRZE5BVG.SEARCH&ssid=egtc9zq5a80000001691786148892&qH=717edd0ccdad8b13","Women Abstract Viscose Rayon Pathani Kurta  (Green)","₹618","https://rukminim2.flixcart.com/image/832/832/xif0q/kurta/j/n/a/s-4993-green-libas-original-imagca8fj3pvzr8z-bb.jpeg?q=70"
"1691786265-38","https://www.flipkart.com/search?q=kurta%20green&otracker=search&otracker1=search&marketplace=FLIPKART&as-show=on&as=off","Bestseller","https://www.flipkart.com/vasant-apparel-women-embroidered-anarkali-kurta/p/itmf6b97b29b9463?pid=KTAFYZDBUXBHVXVD&lid=LSTKTAFYZDBUXBHVXVDDKWXNI&marketplace=FLIPKART&q=kurta+green&store=clo%2Fcfv%2Fcib%2Frkt&spotlightTagId=BestsellerId_clo%2Fcfv%2Fcib%2Frkt&srno=s_1_3&otracker=search&otracker1=search&fm=Search&iid=ac1ab90f-9b40-4457-acd9-038b21ce03b5.KTAFYZDBUXBHVXVD.SEARCH&ppt=sp&ppn=sp&ssid=egtc9zq5a80000001691786148892&qH=717edd0ccdad8b13","Women Embroidered Viscose Rayon Anarkali Kurta  (Green)","₹359","https://rukminim2.flixcart.com/image/832/832/xif0q/kurta/l/x/k/m-51vs1058kr-vasant-apparel-original-imaggjekg2nug2ex-bb.jpeg?q=70"
"1691786268-39","https://www.flipkart.com/search?q=kurta%20green&otracker=search&otracker1=search&marketplace=FLIPKART&as-show=on&as=off","","https://www.flipkart.com/vastani-enterprise-women-embroidered-straight-kurta/p/itm3c68999b70c88?pid=KTAGAHSKHJN26Z62&lid=LSTKTAGAHSKHJN26Z622IQKBE&marketplace=FLIPKART&q=kurta+green&store=clo%2Fcfv%2Fcib%2Frkt&srno=s_1_2&otracker=search&otracker1=search&iid=en_xVKwwJvsQuITRtUUEY6WbYIX3QV0_xXQgRB4ETABoJRTjLVHzVI9dHiwCNsZRnUcmA7iImAqyYxj5CGTnLkK0g%3D%3D&ssid=egtc9zq5a80000001691786148892&qH=717edd0ccdad8b13","Women Embroidered Georgette Straight Kurta  (Green)","₹375","https://rukminim2.flixcart.com/image/832/832/kxz0pe80/kurta/u/w/v/s-ss-31-hitu-green-femvy-original-imagab5t5jjhzxbz.jpeg?q=70"
"1691786272-40","https://www.flipkart.com/search?q=kurta%20green&otracker=search&otracker1=search&marketplace=FLIPKART&as-show=on&as=off","","https://www.flipkart.com/lakshita-fashion-women-printed-anarkali-kurta/p/itmfd361e43985cf?pid=KTAG5PZMG7CCZFH5&lid=LSTKTAG5PZMG7CCZFH5QSSDUY&marketplace=FLIPKART&q=kurta+green&store=clo%2Fcfv%2Fcib%2Frkt&srno=s_1_1&otracker=search&otracker1=search&iid=en_xVKwwJvsQuITRtUUEY6WbYIX3QV0_xXQgRB4ETABoJQPjbaTrysK4elihBpZP-VJHBgO3niq0DPkbtgrTlm4MQ%3D%3D&ssid=egtc9zq5a80000001691786148892&qH=717edd0ccdad8b13","Women Printed Viscose Rayon Anarkali Kurta  (Green)","₹399","https://rukminim2.flixcart.com/image/832/832/xif0q/kurta/u/y/n/m-la123-lakshita-fashion-original-imag5pzmy7bxggfk.jpeg?q=70"
