web-scraper-order,web-scraper-start-url,Single,Single-href,Title,Price,Image-src
"1691785295-1","https://www.flipkart.com/search?q=kurta%20blue%20white&otracker=search&otracker1=search&marketplace=FLIPKART&as-show=on&as=off","","https://www.flipkart.com/amudee-fashion-women-floral-print-straight-kurta/p/itm36c8cb7ff98c9?pid=KTAGHWNHNWFPA4ZG&lid=LSTKTAGHWNHNWFPA4ZG7B6ZZD&marketplace=FLIPKART&q=kurta+blue+white&store=clo%2Fcfv%2Fcib%2Frkt&srno=s_1_40&otracker=search&otracker1=search&iid=0ee0a4fc-2b10-4e21-afdd-3b2c8e294e2f.KTAGHWNHNWFPA4ZG.SEARCH&ssid=wi7uapr06o0000001691785290668&qH=52c9d6f1b7333ff2","Women Floral Print Cotton Blend Straight Kurta  (Blue, White)","₹421","https://rukminim2.flixcart.com/image/832/832/xif0q/kurta/w/h/x/m-black-head-kurta-amudee-fashion-original-imaghwnhzw7mbf3d.jpeg?q=70"
"1691785298-2","https://www.flipkart.com/search?q=kurta%20blue%20white&otracker=search&otracker1=search&marketplace=FLIPKART&as-show=on&as=off","","https://www.flipkart.com/rimeline-women-striped-straight-kurta/p/itm312f99b4dab0a?pid=KTAGKDJSJ7YPPF8W&lid=LSTKTAGKDJSJ7YPPF8WW28EWG&marketplace=FLIPKART&q=kurta+blue+white&store=clo%2Fcfv%2Fcib%2Frkt&srno=s_1_39&otracker=search&otracker1=search&iid=0ee0a4fc-2b10-4e21-afdd-3b2c8e294e2f.KTAGKDJSJ7YPPF8W.SEARCH&ssid=wi7uapr06o0000001691785290668&qH=52c9d6f1b7333ff2","Women Striped Pure Cotton Straight Kurta  (Blue, White)","₹369","https://rukminim2.flixcart.com/image/832/832/xif0q/kurta/u/i/e/l-rf-tiger-green-kurti-rimeline-fashion-original-imagjq3n3rncqdef.jpeg?q=70"
"1691785301-3","https://www.flipkart.com/search?q=kurta%20blue%20white&otracker=search&otracker1=search&marketplace=FLIPKART&as-show=on&as=off","","https://www.flipkart.com/gleux-fashion-women-embroidered-anarkali-kurta/p/itme555d1c471cd8?pid=KTAGPXBH9BSDDGRM&lid=LSTKTAGPXBH9BSDDGRMHWVYNG&marketplace=FLIPKART&q=kurta+blue+white&store=clo%2Fcfv%2Fcib%2Frkt&srno=s_1_38&otracker=search&otracker1=search&iid=en_lgYND0bBLtNnP2CY55rJJtWjBDNdC0BsWncD1-RIRLkcNDycJf8Me_0y-GnCN-8XfoFgezUhcJG6THa6Lq_QIA%3D%3D&ssid=wi7uapr06o0000001691785290668&qH=52c9d6f1b7333ff2","Women Embroidered Viscose Rayon Anarkali Kurta  (White, Dark Blue)","₹474","https://rukminim2.flixcart.com/image/832/832/xif0q/kurta/e/a/d/m-zallar-kurta-udazy-creation-original-imagbsesz5skfgys.jpeg?q=70"
"1691785304-4","https://www.flipkart.com/search?q=kurta%20blue%20white&otracker=search&otracker1=search&marketplace=FLIPKART&as-show=on&as=off","","https://www.flipkart.com/kipek-women-printed-straight-kurta/p/itm8546e8cf0ace2?pid=KTAGP8WH23GEVZWQ&lid=LSTKTAGP8WH23GEVZWQK9UUMC&marketplace=FLIPKART&q=kurta+blue+white&store=clo%2Fcfv%2Fcib%2Frkt&srno=s_1_37&otracker=search&otracker1=search&iid=en_lgYND0bBLtNnP2CY55rJJtWjBDNdC0BsWncD1-RIRLkECaVw7Re_vNNfpzli9FAw93faXnrQp0YiSWyQGwxzWw%3D%3D&ssid=wi7uapr06o0000001691785290668&qH=52c9d6f1b7333ff2","Women Printed Viscose Rayon Straight Kurta  (Black, White)","₹649","https://rukminim2.flixcart.com/image/832/832/xif0q/kurta/n/i/9/m-kk419gr-kipek-original-imagp8w7jhqy4dng.jpeg?q=70"
"1691785307-5","https://www.flipkart.com/search?q=kurta%20blue%20white&otracker=search&otracker1=search&marketplace=FLIPKART&as-show=on&as=off","","https://www.flipkart.com/mon-women-printed-cape-top-kurta/p/itm7e78984d9c6b6?pid=KTAGQP4NMBCNAFZZ&lid=LSTKTAGQP4NMBCNAFZZBN97HN&marketplace=FLIPKART&q=kurta+blue+white&store=clo%2Fcfv%2Fcib%2Frkt&srno=s_1_36&otracker=search&otracker1=search&iid=0ee0a4fc-2b10-4e21-afdd-3b2c8e294e2f.KTAGQP4NMBCNAFZZ.SEARCH&ssid=wi7uapr06o0000001691785290668&qH=52c9d6f1b7333ff2","Women Printed Viscose Rayon Cape Top Kurta  (Blue, White)","₹239","https://rukminim2.flixcart.com/image/832/832/xif0q/kurta/n/4/p/m-mf19kr09b-mon-original-imagqp4n2kbxxpwc.jpeg?q=70"
"1691785310-6","https://www.flipkart.com/search?q=kurta%20blue%20white&otracker=search&otracker1=search&marketplace=FLIPKART&as-show=on&as=off","","https://www.flipkart.com/dsroopa-women-printed-gown-kurta/p/itm35d35920337e1?pid=KTAGGMY5KZZHEJTN&lid=LSTKTAGGMY5KZZHEJTNR0OB9E&marketplace=FLIPKART&q=kurta+blue+white&store=clo%2Fcfv%2Fcib%2Frkt&srno=s_1_35&otracker=search&otracker1=search&iid=0ee0a4fc-2b10-4e21-afdd-3b2c8e294e2f.KTAGGMY5KZZHEJTN.SEARCH&ssid=wi7uapr06o0000001691785290668&qH=52c9d6f1b7333ff2","Women Printed Viscose Rayon Gown Kurta  (Blue, White)","₹469","https://rukminim2.flixcart.com/image/832/832/xif0q/dress/j/b/h/xl-blues04-ranila-original-imaghxsnzvnkbccc.jpeg?q=70"
"1691785313-7","https://www.flipkart.com/search?q=kurta%20blue%20white&otracker=search&otracker1=search&marketplace=FLIPKART&as-show=on&as=off","","https://www.flipkart.com/libas-women-printed-straight-kurta/p/itmaebbb1f02fd90?pid=KTAGMU36Y9AQATPY&lid=LSTKTAGMU36Y9AQATPYIOYS0G&marketplace=FLIPKART&q=kurta+blue+white&store=clo%2Fcfv%2Fcib%2Frkt&srno=s_1_34&otracker=search&otracker1=search&iid=0ee0a4fc-2b10-4e21-afdd-3b2c8e294e2f.KTAGMU36Y9AQATPY.SEARCH&ssid=wi7uapr06o0000001691785290668&qH=52c9d6f1b7333ff2","Women Printed Cotton Blend Straight Kurta  (Blue, White)","₹569","https://rukminim2.flixcart.com/image/832/832/xif0q/kurta/a/7/h/xxl-26295-libas-original-imagmu35fjkzjrvp.jpeg?q=70"
"1691785316-8","https://www.flipkart.com/search?q=kurta%20blue%20white&otracker=search&otracker1=search&marketplace=FLIPKART&as-show=on&as=off","","https://www.flipkart.com/aks-women-self-design-printed-straight-kurta/p/itmf4ygg7uhdzwmg?pid=KTAF4Y6G7YFA2DRM&lid=LSTKTAF4Y6G7YFA2DRMINGVNF&marketplace=FLIPKART&q=kurta+blue+white&store=clo%2Fcfv%2Fcib%2Frkt&srno=s_1_33&otracker=search&otracker1=search&iid=0ee0a4fc-2b10-4e21-afdd-3b2c8e294e2f.KTAF4Y6G7YFA2DRM.SEARCH&ssid=wi7uapr06o0000001691785290668&qH=52c9d6f1b7333ff2","Women Self Design, Printed Cotton Blend Straight Kurta  (White, Blue)","₹382","https://rukminim2.flixcart.com/image/832/832/k4rcmfk0pkrrdj/kurta/q/e/6/m-ya7012-aks-original-imafmusyncewyejj.jpeg?q=70"
"1691785319-9","https://www.flipkart.com/search?q=kurta%20blue%20white&otracker=search&otracker1=search&marketplace=FLIPKART&as-show=on&as=off","","https://www.flipkart.com/sheffali-creation-women-printed-straight-kurta/p/itm9ff3ca8e2bd50?pid=KTAGP8SFUJMT4RAU&lid=LSTKTAGP8SFUJMT4RAUJSGLFH&marketplace=FLIPKART&q=kurta+blue+white&store=clo%2Fcfv%2Fcib%2Frkt&srno=s_1_32&otracker=search&otracker1=search&iid=en_lgYND0bBLtNnP2CY55rJJtWjBDNdC0BsWncD1-RIRLmxNiJit1IdfmmsgnfLGd7aK3pMU1fpuRQU0XBp09480w%3D%3D&ssid=wi7uapr06o0000001691785290668&qH=52c9d6f1b7333ff2","Women Printed Viscose Rayon Straight Kurta  (Dark Blue, White)","₹675","https://rukminim2.flixcart.com/image/832/832/xif0q/kurta/f/3/z/m-kurta-sheffali-creation-original-imagp8sf8kgmqcaf.jpeg?q=70"
"1691785322-10","https://www.flipkart.com/search?q=kurta%20blue%20white&otracker=search&otracker1=search&marketplace=FLIPKART&as-show=on&as=off","","https://www.flipkart.com/kasaska-women-printed-straight-kurta/p/itm1feb326950bfc?pid=KTAGQMMMBF572YQG&lid=LSTKTAGQMMMBF572YQGRLLEA4&marketplace=FLIPKART&q=kurta+blue+white&store=clo%2Fcfv%2Fcib%2Frkt&srno=s_1_31&otracker=search&otracker1=search&iid=en_lgYND0bBLtNnP2CY55rJJtWjBDNdC0BsWncD1-RIRLmu6nCqlh23TtVoAM6sgZ0B4mvXEHjfPX5KttcNR6TSrA%3D%3D&ssid=wi7uapr06o0000001691785290668&qH=52c9d6f1b7333ff2","Women Printed Crepe Straight Kurta  (Dark Blue, White)","₹299","https://rukminim2.flixcart.com/image/832/832/xif0q/kurta/z/x/y/s-crepe-printed-kurti-tashvi-creation-original-imagqhppkzzgukhm.jpeg?q=70"
"1691785325-11","https://www.flipkart.com/search?q=kurta%20blue%20white&otracker=search&otracker1=search&marketplace=FLIPKART&as-show=on&as=off","","https://www.flipkart.com/angita-women-chikan-embroidery-a-line-kurta/p/itm38ee2baf3a6fb?pid=KTAGBHSGUPFZZ5WE&lid=LSTKTAGBHSGUPFZZ5WEBFANJ6&marketplace=FLIPKART&q=kurta+blue+white&store=clo%2Fcfv%2Fcib%2Frkt&srno=s_1_30&otracker=search&otracker1=search&iid=0ee0a4fc-2b10-4e21-afdd-3b2c8e294e2f.KTAGBHSGUPFZZ5WE.SEARCH&ssid=wi7uapr06o0000001691785290668&qH=52c9d6f1b7333ff2","Women Chikan Embroidery Cotton Rayon A-line Kurta  (White, Blue)","₹499","https://rukminim2.flixcart.com/image/832/832/kziqvm80/kurta/x/o/6/xl-ang2101-grey-angita-original-imagbhsgberakfaf.jpeg?q=70"
"1691785328-12","https://www.flipkart.com/search?q=kurta%20blue%20white&otracker=search&otracker1=search&marketplace=FLIPKART&as-show=on&as=off","","https://www.flipkart.com/moda-rapido-women-printed-straight-kurta/p/itmfgbatkxvzagqt?pid=KTAFGB5KZ7XPX27G&lid=LSTKTAFGB5KZ7XPX27GL6PXS6&marketplace=FLIPKART&q=kurta+blue+white&store=clo%2Fcfv%2Fcib%2Frkt&srno=s_1_29&otracker=search&otracker1=search&iid=0ee0a4fc-2b10-4e21-afdd-3b2c8e294e2f.KTAFGB5KZ7XPX27G.SEARCH&ssid=wi7uapr06o0000001691785290668&qH=52c9d6f1b7333ff2","Women Printed Cotton Blend Straight Kurta  (White, Blue)","₹773","https://rukminim2.flixcart.com/image/832/832/jve4pe80/kurta/s/n/w/xl-2000035-moda-rapido-original-imafgbatvmygvekx.jpeg?q=70"
"1691785331-13","https://www.flipkart.com/search?q=kurta%20blue%20white&otracker=search&otracker1=search&marketplace=FLIPKART&as-show=on&as=off","","https://www.flipkart.com/priyaju-women-embroidered-flared-kurta/p/itm952ae12e7704e?pid=KTAGQVT9XFJGHTZU&lid=LSTKTAGQVT9XFJGHTZULNSGXX&marketplace=FLIPKART&q=kurta+blue+white&store=clo%2Fcfv%2Fcib%2Frkt&srno=s_1_28&otracker=search&otracker1=search&iid=en_lgYND0bBLtNnP2CY55rJJtWjBDNdC0BsWncD1-RIRLlPeDBAYDCl6LdLpk1KkELsdhXsSDbC9tAcGXjhBjnsLQ%3D%3D&ssid=wi7uapr06o0000001691785290668&qH=52c9d6f1b7333ff2","Women Embroidered Viscose Rayon Flared Kurta  (Light Blue, White)","₹449","https://rukminim2.flixcart.com/image/832/832/xif0q/kurta/o/e/n/m-pj-nayra-light-blue-priyaju-original-imagqvt9hyzr79d7.jpeg?q=70"
"1691785334-14","https://www.flipkart.com/search?q=kurta%20blue%20white&otracker=search&otracker1=search&marketplace=FLIPKART&as-show=on&as=off","","https://www.flipkart.com/charooli-enterprises-women-floral-print-straight-kurta/p/itmeaf084392b32c?pid=KTAGZFYYFY2M97G9&lid=LSTKTAGZFYYFY2M97G9CWBNBZ&marketplace=FLIPKART&q=kurta+blue+white&store=clo%2Fcfv%2Fcib%2Frkt&srno=s_1_27&otracker=search&otracker1=search&iid=en_lgYND0bBLtNnP2CY55rJJtWjBDNdC0BsWncD1-RIRLltiIKjj8qJAEEUAKu1KHz5rk92iZn2UYSwv7cuiZt2-A%3D%3D&ssid=wi7uapr06o0000001691785290668&qH=52c9d6f1b7333ff2","Women Floral Print Cotton Rayon Straight Kurta  (Dark Blue, White)","₹699","https://rukminim2.flixcart.com/image/832/832/xif0q/kurta/o/a/a/m-na-142523-saanvi-collection-original-imagzbffb9gz2cgz.jpeg?q=70"
"1691785337-15","https://www.flipkart.com/search?q=kurta%20blue%20white&otracker=search&otracker1=search&marketplace=FLIPKART&as-show=on&as=off","","https://www.flipkart.com/libas-women-printed-flared-kurta/p/itm44f7e5d301f03?pid=KTAGQFKUB7B8GQGC&lid=LSTKTAGQFKUB7B8GQGCQOVFU2&marketplace=FLIPKART&q=kurta+blue+white&store=clo%2Fcfv%2Fcib%2Frkt&srno=s_1_26&otracker=search&otracker1=search&iid=0ee0a4fc-2b10-4e21-afdd-3b2c8e294e2f.KTAGQFKUB7B8GQGC.SEARCH&ssid=wi7uapr06o0000001691785290668&qH=52c9d6f1b7333ff2","Women Printed Cotton Blend Flared Kurta  (Blue, White)","₹699","https://rukminim2.flixcart.com/image/832/832/xif0q/kurta/k/z/c/xl-26443-libas-original-imagqfkugn2d9sy4.jpeg?q=70"
"1691785340-16","https://www.flipkart.com/search?q=kurta%20blue%20white&otracker=search&otracker1=search&marketplace=FLIPKART&as-show=on&as=off","","https://www.flipkart.com/daizen-women-bandhani-straight-kurta/p/itm7cc1eaeb5e759?pid=KTAGJ57RHATWK6CA&lid=LSTKTAGJ57RHATWK6CADOHBQK&marketplace=FLIPKART&q=kurta+blue+white&store=clo%2Fcfv%2Fcib%2Frkt&srno=s_1_25&otracker=search&otracker1=search&iid=0ee0a4fc-2b10-4e21-afdd-3b2c8e294e2f.KTAGJ57RHATWK6CA.SEARCH&ssid=wi7uapr06o0000001691785290668&qH=52c9d6f1b7333ff2","Women Bandhani Viscose Rayon Straight Kurta  (Blue, White)","₹448","https://rukminim2.flixcart.com/image/832/832/xif0q/kurta/1/e/h/xl-be123-fox-cover-original-imagj57hxtpm9hgn.jpeg?q=70"
"1691785343-17","https://www.flipkart.com/search?q=kurta%20blue%20white&otracker=search&otracker1=search&marketplace=FLIPKART&as-show=on&as=off","","https://www.flipkart.com/1-stop-fashion-women-floral-print-straight-kurta/p/itmb3374a485d039?pid=KTAGKRV9ZJWRZYH8&lid=LSTKTAGKRV9ZJWRZYH8IBCPLI&marketplace=FLIPKART&q=kurta+blue+white&store=clo%2Fcfv%2Fcib%2Frkt&srno=s_1_24&otracker=search&otracker1=search&iid=0ee0a4fc-2b10-4e21-afdd-3b2c8e294e2f.KTAGKRV9ZJWRZYH8.SEARCH&ssid=wi7uapr06o0000001691785290668&qH=52c9d6f1b7333ff2","Women Floral Print Crepe Straight Kurta  (White, Blue)","₹189","https://rukminim2.flixcart.com/image/832/832/xif0q/kurta/n/z/u/s-gd-530331-1-stop-fashion-original-imagkrv7aeymxzrr.jpeg?q=70"
"1691785346-18","https://www.flipkart.com/search?q=kurta%20blue%20white&otracker=search&otracker1=search&marketplace=FLIPKART&as-show=on&as=off","","https://www.flipkart.com/gs-fashions-women-floral-print-straight-kurta/p/itm987a725094d0f?pid=KTAGZUHHJFPQ7SAV&lid=LSTKTAGZUHHJFPQ7SAVYJBJYL&marketplace=FLIPKART&q=kurta+blue+white&store=clo%2Fcfv%2Fcib%2Frkt&srno=s_1_23&otracker=search&otracker1=search&iid=0ee0a4fc-2b10-4e21-afdd-3b2c8e294e2f.KTAGZUHHJFPQ7SAV.SEARCH&ssid=wi7uapr06o0000001691785290668&qH=52c9d6f1b7333ff2","Women Floral Print Pure Cotton Straight Kurta  (Blue, White)","₹599","https://rukminim2.flixcart.com/image/832/832/xif0q/kurta/s/m/3/3xl-gsf-1356-gs-fashions-original-imagzuhh3qyvmwg4.jpeg?q=70"
"1691785349-19","https://www.flipkart.com/search?q=kurta%20blue%20white&otracker=search&otracker1=search&marketplace=FLIPKART&as-show=on&as=off","","https://www.flipkart.com/pannkh-women-printed-straight-kurta/p/itmfdfumscrpphuu?pid=KTAFDFHZCSDUSA8U&lid=LSTKTAFDFHZCSDUSA8UHAUQQ6&marketplace=FLIPKART&q=kurta+blue+white&store=clo%2Fcfv%2Fcib%2Frkt&srno=s_1_22&otracker=search&otracker1=search&iid=en_lgYND0bBLtNnP2CY55rJJtWjBDNdC0BsWncD1-RIRLlX-5DF8BXaBV3bH19I4ShK8QwFSTzcAb78lyHmf7_Z0g%3D%3D&ssid=wi7uapr06o0000001691785290668&qH=52c9d6f1b7333ff2","Women Printed Cotton Blend Straight Kurta  (Light Blue, White)","₹705","https://rukminim2.flixcart.com/image/832/832/xif0q/kurta/z/e/s/xxl-pannkh-4262-pannkh-original-imagkrr7wpqpgmnp.jpeg?q=70"
"1691785352-20","https://www.flipkart.com/search?q=kurta%20blue%20white&otracker=search&otracker1=search&marketplace=FLIPKART&as-show=on&as=off","","https://www.flipkart.com/bachuu-women-printed-frontslit-kurta/p/itm00e49a75d5d0a?pid=KTAFNBFSU53VJVCQ&lid=LSTKTAFNBFSU53VJVCQUSYVMG&marketplace=FLIPKART&q=kurta+blue+white&store=clo%2Fcfv%2Fcib%2Frkt&srno=s_1_21&otracker=search&otracker1=search&iid=en_lgYND0bBLtNnP2CY55rJJtWjBDNdC0BsWncD1-RIRLkNhuGMxPZE0Qq8EJnCXNVzGweom3w95tpqn8k64w6rfA%3D%3D&ssid=wi7uapr06o0000001691785290668&qH=52c9d6f1b7333ff2","Women Printed Cotton Blend Frontslit Kurta  (White, Blue)","₹305","https://rukminim2.flixcart.com/image/832/832/khz693k0-0/kurta/k/j/u/m-bo-51-whiteblueleaves-bachuu-original-imafxvffg3f7khhz.jpeg?q=70"
"1691785355-21","https://www.flipkart.com/search?q=kurta%20blue%20white&otracker=search&otracker1=search&marketplace=FLIPKART&as-show=on&as=off","","https://www.flipkart.com/shopring-women-solid-straight-kurta/p/itm4a907699ef40a?pid=KTAGZEYZYFS2YTJZ&lid=LSTKTAGZEYZYFS2YTJZNVUFRS&marketplace=FLIPKART&q=kurta+blue+white&store=clo%2Fcfv%2Fcib%2Frkt&srno=s_1_20&otracker=search&otracker1=search&iid=0ee0a4fc-2b10-4e21-afdd-3b2c8e294e2f.KTAGZEYZYFS2YTJZ.SEARCH&ssid=wi7uapr06o0000001691785290668&qH=52c9d6f1b7333ff2","Women Solid Georgette Straight Kurta  (Blue, White)","₹389","https://rukminim2.flixcart.com/image/832/832/xif0q/kurta/6/0/j/s-bluenairacutkurti-pihika-original-imagnc2zg5vf7axq.jpeg?q=70"
"1691785358-22","https://www.flipkart.com/search?q=kurta%20blue%20white&otracker=search&otracker1=search&marketplace=FLIPKART&as-show=on&as=off","","https://www.flipkart.com/glorious-women-printed-a-line-kurta/p/itmb2537a46b8937?pid=KTAGR6W33FXRXKVJ&lid=LSTKTAGR6W33FXRXKVJ9HJZGA&marketplace=FLIPKART&q=kurta+blue+white&store=clo%2Fcfv%2Fcib%2Frkt&srno=s_1_19&otracker=search&otracker1=search&iid=0ee0a4fc-2b10-4e21-afdd-3b2c8e294e2f.KTAGR6W33FXRXKVJ.SEARCH&ssid=wi7uapr06o0000001691785290668&qH=52c9d6f1b7333ff2","Women Printed Cotton Blend A-line Kurta  (White, Blue)","₹399","https://rukminim2.flixcart.com/image/832/832/xif0q/kurta/b/2/e/5xl-psk210plus-glorious-original-imagr5uznmg6thyf.jpeg?q=70"
"1691785361-23","https://www.flipkart.com/search?q=kurta%20blue%20white&otracker=search&otracker1=search&marketplace=FLIPKART&as-show=on&as=off","","https://www.flipkart.com/faheeman-garments-women-printed-kaftan-kurta/p/itmd7f2161bf50de?pid=KTAGZKDHNG3QTCXM&lid=LSTKTAGZKDHNG3QTCXMB5QGRB&marketplace=FLIPKART&q=kurta+blue+white&store=clo%2Fcfv%2Fcib%2Frkt&srno=s_1_18&otracker=search&otracker1=search&iid=en_lgYND0bBLtNnP2CY55rJJtWjBDNdC0BsWncD1-RIRLkVDNcLlFVzsIscuBmuZ2iVZdWTGuusszQie_JQ16Sa4w%3D%3D&ssid=wi7uapr06o0000001691785290668&qH=52c9d6f1b7333ff2","Women Printed Viscose Rayon Kaftan Kurta  (Blue, White)","₹454","https://rukminim2.flixcart.com/image/832/832/xif0q/kurta/r/z/w/4xl-na-fg-1025-blue-faheeman-garments-original-imagzkdgvm5epxsb.jpeg?q=70"
"1691785364-24","https://www.flipkart.com/search?q=kurta%20blue%20white&otracker=search&otracker1=search&marketplace=FLIPKART&as-show=on&as=off","","https://www.flipkart.com/soulliine-creation-women-geometric-print-a-line-kurta/p/itmc8f5e773a60da?pid=KTAGQFHJMRHKRZJF&lid=LSTKTAGQFHJMRHKRZJFI9OJBW&marketplace=FLIPKART&q=kurta+blue+white&store=clo%2Fcfv%2Fcib%2Frkt&srno=s_1_17&otracker=search&otracker1=search&iid=en_lgYND0bBLtNnP2CY55rJJtWjBDNdC0BsWncD1-RIRLnclQ6MeLWiLuQ2lta1ijb1iCmpHjUmqM1-1A-SLKTxRA%3D%3D&ssid=wi7uapr06o0000001691785290668&qH=52c9d6f1b7333ff2","Women Geometric Print Cotton Blend A-line Kurta  (Light Blue, White)","₹381","https://rukminim2.flixcart.com/image/832/832/xif0q/kurta/l/f/a/xs-irina-yellow-xs-soulliine-creation-original-imagpzqz8jzzuuke.jpeg?q=70"
"1691785367-25","https://www.flipkart.com/search?q=kurta%20blue%20white&otracker=search&otracker1=search&marketplace=FLIPKART&as-show=on&as=off","","https://www.flipkart.com/bachuu-women-printed-straight-kurta/p/itmd161e8d19bde7?pid=KTAGAGTBK2H9GXCU&lid=LSTKTAGAGTBK2H9GXCUNRQULV&marketplace=FLIPKART&q=kurta+blue+white&store=clo%2Fcfv%2Fcib%2Frkt&srno=s_1_16&otracker=search&otracker1=search&iid=0ee0a4fc-2b10-4e21-afdd-3b2c8e294e2f.KTAGAGTBK2H9GXCU.SEARCH&ssid=wi7uapr06o0000001691785290668&qH=52c9d6f1b7333ff2","Women Printed Viscose Rayon Straight Kurta  (White, Blue)","₹325","https://rukminim2.flixcart.com/image/832/832/kx7vc7k0/shopsy-kurta/d/e/f/s-squa-bachuu-original-imag9q2spw4z8up2.jpeg?q=70"
"1691785370-26","https://www.flipkart.com/search?q=kurta%20blue%20white&otracker=search&otracker1=search&marketplace=FLIPKART&as-show=on&as=off","","https://www.flipkart.com/dss-fashion-women-printed-straight-kurta/p/itmb8c56b4a66d91?pid=KTAGKEEKKTBP46F7&lid=LSTKTAGKEEKKTBP46F7FZ8NF9&marketplace=FLIPKART&q=kurta+blue+white&store=clo%2Fcfv%2Fcib%2Frkt&srno=s_1_15&otracker=search&otracker1=search&iid=0ee0a4fc-2b10-4e21-afdd-3b2c8e294e2f.KTAGKEEKKTBP46F7.SEARCH&ssid=wi7uapr06o0000001691785290668&qH=52c9d6f1b7333ff2","Women Printed Cotton Rayon Straight Kurta  (Blue, White)","₹499","https://rukminim2.flixcart.com/image/832/832/xif0q/kurta/w/0/c/3xl-nayra-cut-dss-fashion-original-imagkeekvcyz93sr.jpeg?q=70"
"1691785373-27","https://www.flipkart.com/search?q=kurta%20blue%20white&otracker=search&otracker1=search&marketplace=FLIPKART&as-show=on&as=off","","https://www.flipkart.com/panchhiraj-textile-women-printed-a-line-kurta/p/itm271145755a7d8?pid=KTAGQXUAJHAJ8KUZ&lid=LSTKTAGQXUAJHAJ8KUZCCHLMK&marketplace=FLIPKART&q=kurta+blue+white&store=clo%2Fcfv%2Fcib%2Frkt&srno=s_1_14&otracker=search&otracker1=search&iid=0ee0a4fc-2b10-4e21-afdd-3b2c8e294e2f.KTAGQXUAJHAJ8KUZ.SEARCH&ssid=wi7uapr06o0000001691785290668&qH=52c9d6f1b7333ff2","Women Printed Cotton Blend A-line Kurta  (White, Blue)","₹499","https://rukminim2.flixcart.com/image/832/832/xif0q/kurta/c/4/t/xl-a-line-panchhiraj-textile-original-imagqxuagzwan2bg.jpeg?q=70"
"1691785376-28","https://www.flipkart.com/search?q=kurta%20blue%20white&otracker=search&otracker1=search&marketplace=FLIPKART&as-show=on&as=off","","https://www.flipkart.com/yaltas-women-printed-anarkali-kurta/p/itm4d78776fc8d41?pid=KTAGZFTQUH7S5WS8&lid=LSTKTAGZFTQUH7S5WS8HP9PHM&marketplace=FLIPKART&q=kurta+blue+white&store=clo%2Fcfv%2Fcib%2Frkt&srno=s_1_13&otracker=search&otracker1=search&iid=0ee0a4fc-2b10-4e21-afdd-3b2c8e294e2f.KTAGZFTQUH7S5WS8.SEARCH&ssid=wi7uapr06o0000001691785290668&qH=52c9d6f1b7333ff2","Women Printed Viscose Rayon Anarkali Kurta  (White, Blue)","₹446","https://rukminim2.flixcart.com/image/832/832/xif0q/kurta/8/2/n/xxl-wk-283-yaltas-original-imagzftpcfu8z3nt.jpeg?q=70"
"1691785379-29","https://www.flipkart.com/search?q=kurta%20blue%20white&otracker=search&otracker1=search&marketplace=FLIPKART&as-show=on&as=off","","https://www.flipkart.com/panghat-collection-women-embroidered-a-line-kurta/p/itm7cdb748b13a90?pid=KTAGG33K8JXTYW2A&lid=LSTKTAGG33K8JXTYW2AQHDPZR&marketplace=FLIPKART&q=kurta+blue+white&store=clo%2Fcfv%2Fcib%2Frkt&srno=s_1_12&otracker=search&otracker1=search&iid=en_lgYND0bBLtNnP2CY55rJJtWjBDNdC0BsWncD1-RIRLmoBXRXxXkQNRHkHLBPaRcm7Tg3KpgNTjswNiq5ymEszQ%3D%3D&ssid=wi7uapr06o0000001691785290668&qH=52c9d6f1b7333ff2","Women Embroidered Cotton Rayon A-line Kurta  (Dark Blue)","₹278","https://rukminim2.flixcart.com/image/832/832/xif0q/kurta/4/p/1/m-ps-1027-pankhudi-sarees-original-imagg2fswmva5hgn.jpeg?q=70"
"1691785382-30","https://www.flipkart.com/search?q=kurta%20blue%20white&otracker=search&otracker1=search&marketplace=FLIPKART&as-show=on&as=off","","https://www.flipkart.com/isha-e-kart-women-floral-print-a-line-kurta/p/itmfebdf78a674ef?pid=KTAGQHBG3TAWD5FU&lid=LSTKTAGQHBG3TAWD5FUBAMORO&marketplace=FLIPKART&q=kurta+blue+white&store=clo%2Fcfv%2Fcib%2Frkt&srno=s_1_11&otracker=search&otracker1=search&iid=en_lgYND0bBLtNnP2CY55rJJtWjBDNdC0BsWncD1-RIRLkiXvPppKffhoHNnSAPfld6zkLnf_SQd6bQAYJm3SuuQw%3D%3D&ssid=wi7uapr06o0000001691785290668&qH=52c9d6f1b7333ff2","Women Floral Print Viscose Rayon A-line Kurta  (Dark Blue, White)","₹323","https://rukminim2.flixcart.com/image/832/832/xif0q/kurta/u/g/c/l-blue-whita-kurta-1122-isha-e-kart-original-imagqhbgxtnep4ab.jpeg?q=70"
"1691785385-31","https://www.flipkart.com/search?q=kurta%20blue%20white&otracker=search&otracker1=search&marketplace=FLIPKART&as-show=on&as=off","","https://www.flipkart.com/shions-women-floral-print-straight-kurta/p/itm108b6b91f7ecb?pid=KTAGPGZYERBHHTNH&lid=LSTKTAGPGZYERBHHTNHLDOBMQ&marketplace=FLIPKART&q=kurta+blue+white&store=clo%2Fcfv%2Fcib%2Frkt&srno=s_1_10&otracker=search&otracker1=search&iid=0ee0a4fc-2b10-4e21-afdd-3b2c8e294e2f.KTAGPGZYERBHHTNH.SEARCH&ssid=wi7uapr06o0000001691785290668&qH=52c9d6f1b7333ff2","Women Floral Print Cotton Rayon Straight Kurta  (Blue, White)","₹379","https://rukminim2.flixcart.com/image/832/832/xif0q/kurta/g/1/s/xl-sh-08-shions-original-imagpgw3gbgyqvx7.jpeg?q=70"
"1691785388-32","https://www.flipkart.com/search?q=kurta%20blue%20white&otracker=search&otracker1=search&marketplace=FLIPKART&as-show=on&as=off","","https://www.flipkart.com/asper-fashion-women-embroidered-straight-kurta/p/itm387d4d264dccd?pid=KTAGA5R5R3RH8N3M&lid=LSTKTAGA5R5R3RH8N3MQOCNZA&marketplace=FLIPKART&q=kurta+blue+white&store=clo%2Fcfv%2Fcib%2Frkt&srno=s_1_9&otracker=search&otracker1=search&iid=0ee0a4fc-2b10-4e21-afdd-3b2c8e294e2f.KTAGA5R5R3RH8N3M.SEARCH&ssid=wi7uapr06o0000001691785290668&qH=52c9d6f1b7333ff2","Women Embroidered Cotton Blend Straight Kurta  (White, Blue)","₹768","https://rukminim2.flixcart.com/image/832/832/ktketu80/kurta/m/4/p/m-asf10-w-asper-fashion-original-imag6vgtvezgfesc.jpeg?q=70"
"1691785391-33","https://www.flipkart.com/search?q=kurta%20blue%20white&otracker=search&otracker1=search&marketplace=FLIPKART&as-show=on&as=off","","https://www.flipkart.com/senoras-women-printed-a-line-kurta/p/itm8fd6b79a0fabc?pid=KTAGQR627NHJRBGD&lid=LSTKTAGQR627NHJRBGD7IMHFY&marketplace=FLIPKART&q=kurta+blue+white&store=clo%2Fcfv%2Fcib%2Frkt&srno=s_1_8&otracker=search&otracker1=search&iid=en_lgYND0bBLtNnP2CY55rJJtWjBDNdC0BsWncD1-RIRLlavC8bip6bOsOmxMHn0c9cDxKRMaMXFU-Mrb697W22mA%3D%3D&ssid=wi7uapr06o0000001691785290668&qH=52c9d6f1b7333ff2","Women Printed Pure Cotton A-line Kurta  (White, Green)","₹395","https://rukminim2.flixcart.com/image/832/832/xif0q/kurta/y/c/s/xxl-av027-boota-blue-senoras-original-imagqr62hcpnzgzg.jpeg?q=70"
"1691785394-34","https://www.flipkart.com/search?q=kurta%20blue%20white&otracker=search&otracker1=search&marketplace=FLIPKART&as-show=on&as=off","","https://www.flipkart.com/darvikaa-collection-women-floral-print-anarkali-kurta/p/itm2074d828a7221?pid=KTAGK2F5K3EFMJFY&lid=LSTKTAGK2F5K3EFMJFYZJ55EY&marketplace=FLIPKART&q=kurta+blue+white&store=clo%2Fcfv%2Fcib%2Frkt&srno=s_1_7&otracker=search&otracker1=search&iid=0ee0a4fc-2b10-4e21-afdd-3b2c8e294e2f.KTAGK2F5K3EFMJFY.SEARCH&ssid=wi7uapr06o0000001691785290668&qH=52c9d6f1b7333ff2","Women Floral Print Viscose Rayon Anarkali Kurta  (White, Blue)","₹641","https://rukminim2.flixcart.com/image/832/832/xif0q/kurta/n/w/o/7xl-438-sanwariya-creation-original-imaghnhje7u9aveg.jpeg?q=70"
"1691785397-35","https://www.flipkart.com/search?q=kurta%20blue%20white&otracker=search&otracker1=search&marketplace=FLIPKART&as-show=on&as=off","","https://www.flipkart.com/shubhmantra-women-floral-print-straight-kurta/p/itm4037bc386fd70?pid=KTAGNSXDQKQANTZH&lid=LSTKTAGNSXDQKQANTZHR5BD5A&marketplace=FLIPKART&q=kurta+blue+white&store=clo%2Fcfv%2Fcib%2Frkt&srno=s_1_6&otracker=search&otracker1=search&iid=0ee0a4fc-2b10-4e21-afdd-3b2c8e294e2f.KTAGNSXDQKQANTZH.SEARCH&ssid=wi7uapr06o0000001691785290668&qH=52c9d6f1b7333ff2","Women Floral Print Pure Cotton Straight Kurta  (Blue, White)","₹491","https://rukminim2.flixcart.com/image/832/832/xif0q/kurta/l/n/w/xl-sm114-shubhmantra-original-imagp3cmrcu5edzb.jpeg?q=70"
"1691785400-36","https://www.flipkart.com/search?q=kurta%20blue%20white&otracker=search&otracker1=search&marketplace=FLIPKART&as-show=on&as=off","","https://www.flipkart.com/loomster-women-bandhani-straight-kurta/p/itm987f22bee3e7b?pid=KTAGJ583KCCGFKHG&lid=LSTKTAGJ583KCCGFKHGSQXEUT&marketplace=FLIPKART&q=kurta+blue+white&store=clo%2Fcfv%2Fcib%2Frkt&srno=s_1_5&otracker=search&otracker1=search&iid=0ee0a4fc-2b10-4e21-afdd-3b2c8e294e2f.KTAGJ583KCCGFKHG.SEARCH&ssid=wi7uapr06o0000001691785290668&qH=52c9d6f1b7333ff2","Women Bandhani Viscose Rayon Straight Kurta  (White, Blue)","₹499","https://rukminim2.flixcart.com/image/832/832/xif0q/kurta/1/e/h/xl-be123-fox-cover-original-imagj57hxtpm9hgn.jpeg?q=70"
"1691785403-37","https://www.flipkart.com/search?q=kurta%20blue%20white&otracker=search&otracker1=search&marketplace=FLIPKART&as-show=on&as=off","","https://www.flipkart.com/amudee-fashion-women-floral-print-straight-kurta/p/itmc7dc772fbc193?pid=KTAGHWNH3ZTEGKX2&lid=LSTKTAGHWNH3ZTEGKX26VHR9G&marketplace=FLIPKART&q=kurta+blue+white&store=clo%2Fcfv%2Fcib%2Frkt&srno=s_1_4&otracker=search&otracker1=search&iid=0ee0a4fc-2b10-4e21-afdd-3b2c8e294e2f.KTAGHWNH3ZTEGKX2.SEARCH&ssid=wi7uapr06o0000001691785290668&qH=52c9d6f1b7333ff2","Women Floral Print Cotton Blend Straight Kurta  (White, Blue)","₹439","https://rukminim2.flixcart.com/image/832/832/xif0q/kurta/j/y/k/xl-black-head-kurta-amudee-fashion-original-imaghwnh2bwfn8dg.jpeg?q=70"
"1691785406-38","https://www.flipkart.com/search?q=kurta%20blue%20white&otracker=search&otracker1=search&marketplace=FLIPKART&as-show=on&as=off","","https://www.flipkart.com/kannahi-women-printed-a-line-kurta/p/itme8a9eae3051fb?pid=KTAG3N6BNDXAEHKE&lid=LSTKTAG3N6BNDXAEHKEDH6VC5&marketplace=FLIPKART&q=kurta+blue+white&store=clo%2Fcfv%2Fcib%2Frkt&srno=s_1_3&otracker=search&otracker1=search&iid=0ee0a4fc-2b10-4e21-afdd-3b2c8e294e2f.KTAG3N6BNDXAEHKE.SEARCH&ssid=wi7uapr06o0000001691785290668&qH=52c9d6f1b7333ff2","Women Printed Pure Cotton A-line Kurta  (White, Blue)","₹499","https://rukminim2.flixcart.com/image/832/832/xif0q/kurta/x/r/c/xl-pkw-jn21-kt-0102-kannahi-original-imagca9qzhadheg5-bb.jpeg?q=70"
"1691785409-39","https://www.flipkart.com/search?q=kurta%20blue%20white&otracker=search&otracker1=search&marketplace=FLIPKART&as-show=on&as=off","","https://www.flipkart.com/isha-e-kart-women-floral-print-a-line-kurta/p/itmc3bf3f28114e0?pid=KTAGQHFSEWGQHFGE&lid=LSTKTAGQHFSEWGQHFGE2JOXXF&marketplace=FLIPKART&q=kurta+blue+white&store=clo%2Fcfv%2Fcib%2Frkt&srno=s_1_2&otracker=search&otracker1=search&iid=en_lgYND0bBLtNnP2CY55rJJtWjBDNdC0BsWncD1-RIRLndKOYHConXPD_RQbNTIsyW5J16mbrmmyB6u46w6Ul_5Q%3D%3D&ssid=wi7uapr06o0000001691785290668&qH=52c9d6f1b7333ff2","Women Floral Print Viscose Rayon A-line Kurta  (Dark Blue, White)","₹338","https://rukminim2.flixcart.com/image/832/832/xif0q/kurta/z/2/o/xs-sky-blue-kurta-1122-isha-e-kart-original-imagqhfs4mhu6ahd.jpeg?q=70"
"1691785412-40","https://www.flipkart.com/search?q=kurta%20blue%20white&otracker=search&otracker1=search&marketplace=FLIPKART&as-show=on&as=off","","https://www.flipkart.com/senoras-women-printed-a-line-kurta/p/itm25cf459b6f627?pid=KTAGRFZ9GZC42VCP&lid=LSTKTAGRFZ9GZC42VCPIZPZHY&marketplace=FLIPKART&q=kurta+blue+white&store=clo%2Fcfv%2Fcib%2Frkt&srno=s_1_1&otracker=search&otracker1=search&iid=en_lgYND0bBLtNnP2CY55rJJtWjBDNdC0BsWncD1-RIRLkg0fRMAAfwrp7pIGSmLk_iI-R8PrAm_1gZBu1b1KiSjA%3D%3D&ssid=wi7uapr06o0000001691785290668&qH=52c9d6f1b7333ff2","Women Printed Cotton Blend A-line Kurta  (Light Blue)","₹363","https://rukminim2.flixcart.com/image/832/832/xif0q/kurta/o/b/r/m-av029-sibori-blue-senoras-original-imagrfz8gcwsuzmz.jpeg?q=70"
