keyword,base_filename
Edgy streetwear looks,a4f8eb6cb320e388fa67aae9b65331f4.jpg
Fall outfit ideas,30086966db288b8b2eb0a72cf40b476b.jpg
Boho chic outfits,61c9f23015a2f80ab608cd85d7184a88.jpg
Romantic dresses,d35e5b2c44b900e2cca550b52fe343bc.png
Comfy and cute athleisure,38c70579cfcb99b7152b569a2f6c7b70.jpg
Vintage-inspired accessories,428e49bac826b62ba09dbe6cb4438154.jpg
Minimalist capsule wardrobe,028218bafd74ebfa58930775f1c085aa.png
Oversized clothing looks,69d502e6c0a8f5385967d0000fb528a7.jpg
Preppy fashion inspiration,ab5dcfe47b984fda82a8bbb8057b741d.jpg
Fall outfit ideas,e35be3f315e3a787aa47da38cc45cbe1.jpg
Elevated loungewear,edf93975950f3d7c4267b5b426ba4eca.jpg
Artsy and unique ensembles,bf5f8abaad3297d74d65cd6e0306a73f.jpg
Neon fashion trends,300b4325e325c434aafc41b07170640b.jpg
Tropical print clothing,ffb928660065e90fc287ddf20179bd5d.jpg
Minimalist wardrobe ideas,5919a320953cdc0fbf3a60c44b183ae3.jpg
Influencers outfits,8ce7b5c79361300ebfc6dcf506c0110c.jpg
Elegant and timeless fashion,92030299a2dd30cd1f4281e9ec1a1c2f.png
Floral fashion inspiration,7001b47459aa2c467b7982d870758305.jpg
High-fashion looks,0ec7a9479e446d9be2ba8a1d865b9be6.jpg
Minimalist wardrobe ideas,dbb0af5ae5339b940e5fd9244297bb7b.jpg
Celebrity outfits,1655a62d6d3f88ed6a462dce66bc487f.jpg
Bold statement pieces,b7faadb23220c8f0742e8a18c859aef4.jpg
Floral fashion inspiration,3f928beab7a96eda8885957f1d16c24e.jpg
Summer fashion trends,7a1656ef5dd2a89f630c75d8863a6ff9.jpg
Glamorous party dresses,0bccc9b6e83c32d7070ef3a4b81fa0f1.jpg
Elegant evening gowns,0ea48e363ba670ea82b38a1d1e552ebc.jpg
Neutral color palette fashion,5bbe0cde6c86c8b18a80471c21528301.png
Classy cocktail dresses,4fa435ef2a568c00ede06ea901d34355.jpg
Trending reels outfit,d450e91c809e8fb6d3e3079da2986b06.jpg
Comfy and cute athleisure,d09d49077961839ae1d9482952febfa8.jpg
Resort wear outfits,9b41a5362657b468c2975197314d9d96.jpg
Rocker chic outfits,5a7fade13b060b73807169a5372ca094.jpg
Bohemian fashion inspiration,ad8d0a4b17ea5ade4e27ada1575512f8.jpg
Street style with sneakers,aca0acb19407f72b466d373fd75fa4fd.jpg
Couture-inspired looks,99558571a2f6fb9e968389071d2cb885.jpg
Elegant evening jumpsuits,bb66d546b0fc48faf1bc90cb2692be43.jpg
Sustainable and eco-friendly fashion,0d7423225c4e6ade8d64af7c042ba3cf.jpg
Artsy and unique ensembles,79ca55d982b49ba4a8251b8816a71f8d.jpg
Casual fall layering,66f819884d67137103dc6fa7c7a8f8c2.jpg
Edgy leather jackets,3e76682911fec8b4220dbe0cd4229d51.jpg
Statement accessories styling,8a0dbf7ca3c4dcf920b9aad563ec3205.jpg
Date night outfit ideas,fbcab70d3a7a1580abedd4aaf189bba6.jpg
Party wear outfits,bcfa8c88412ae3f4bc9699cb2533eeb3.jpg
Casual fashion trends,05ad64961dc7148ed140a63adbd0b4be.jpg
Modest fashion trends,49d3009546636545669841dd8382456c.jpg
Fall outfit ideas,56c1f1b12f02d011036596ab933c5c7d.jpg
Statement accessories styling,2a928d75ae485a60c41f7dabe55e1792.jpg
Fall outfit ideas,244d3cb94bb4152ea2f6887da066216a.jpg
Artistic and creative ensembles,4978c29a3ddb450e04683e8f75c0667c.jpg
Chic workwear ideas,6c93c9d6e87378a5df96b3c8a69974af.jpg
Rocker chic outfits,f18cfe97c288eb53f2401380259764d1.jpg
Spring fashion looks,5d16470a104f7eed2662c2e1f9dcc04a.jpg
Latest trendy outfits for men,5ffcc6a8bdc6b1575a067368c6474490.jpg
Edgy leather jackets,4c64b549a718744fd5bd8432ad44bf12.jpg
Influencers outfits,19482ec38ed7fbe5858ef3064d8f14c4.png
Trending reels outfit,a19aeb06c3754ee85084c0cc0965c2ef.jpg
Date night outfit ideas,27580137ac71397d7368ebf6ea55afbc.jpg
Street style with sneakers,6660e0c176fa950e97c9e88c365d059a.jpg
Artsy and eclectic fashion,4ffbf6875bd2c037009a2ac6e0329cc0.jpg
Artsy and unique ensembles,afbdc943ab99d390f79d13b57e0d7b1a.jpg
Celebrity outfits,f53ce116c6c68af8f858691460798a5b.png
Bold statement pieces,747ed459abe66a5bdf11e1ef24c3053a.jpg
Comfy and cute athleisure,71172dfb86910e95376bd5eaa5fde322.jpg
Western wear outfits,ea2319275854b82d9bceacbab21b91e6.jpg
Boho maxi dresses,6fc839ed56f3b385b4c22e9b6641d9d4.jpg
Retro sportswear fashion,f6027f51b9527acd44574db3925491d3.jpg
Vacation outfits,bb71ed958896dadc473a7d9e460d01fb.jpg
Athleisure outfits,003fb3d0d4687d7c6adf3b9beee8bf05.jpg
Bohemian fashion inspiration,ca4faa9ea496831631d7a2b992c9956c.jpg
Summer fashion trends,94baa6b9447422c42c6206e1b46fb5a4.png
Elegant and timeless fashion,8c41bd5f617ca03178743b396afbc8a0.png
Athleisure wear,003fb3d0d4687d7c6adf3b9beee8bf05.jpg
Modest fashion trends,07a8235d68022715ac1d28b889f6d4a2.jpg
Leather and lace combinations,4e0a38e8a8cdc82373fd4065152dc2a2.jpg
Boho maxi dresses,0babf5f52e8c2d7617e85192f4f57aa1.png
Retro glam outfits,234d5632dc0fadca08b9bdf9facae91c.jpg
Vintage fashion inspiration,54db0f78dd9dbc11758395d6c3af4a47.jpg
Casual bohemian vibes,285740e21ec895bf611b6af877edce7b.jpg
Athleisure wear,5ef842791162bd2b614ae6970f3d29ae.jpg
Grunge fashion trends,1e233ba41f7a1b28398046e8af1018c6.jpg
Classic wardrobe essentials,65f8009ccc0f3e69190395de800ef991.jpg
Artistic and creative ensembles,8133fd8f9dbfb74d03d97fa7175f08ab.jpg
Artistic and creative ensembles,3762d510b886cf8342f2bd93fbe49f3b.jpg
Classy cocktail dresses,54e3dd993c461324c221902e85b44a6a.jpg
Bold statement pieces,01b1dcbd2e56bb6556cf4e656799de15.jpg
Retro sportswear fashion,2cf74161f13289898bd8d7af4f84d198.jpg
Casual summer vibes,fb14f0e5fb99a255481415dbf9062a22.jpg
Leather and lace combinations,dd23c726ddb7bce08d794a0ebdfe87ae.jpg
Streetwear fashion inspiration,3c36fa3b9b3c554dea84190fb6179390.jpg
Formal attire ideas,53a11e49b9df5ef5561def305e503c5d.jpg
Western wear outfits,a758fd76f3c470df11943c35d92024c1.jpg
Luxury fashion inspiration,250c129084536205eb55e8d3f4c6c9ab.jpg
Glamorous party dresses,13fcd924946fd1168bff5b33715f88df.png
Boho maxi dresses,b959cedba3e61eeac5421538b0c86073.png
Casual bohemian vibes,adc8c5e431dcf9793ffccf4e8faab386.jpg
Oversized clothing looks,9524a41911d01f872d963606dd661ef7.jpg
Retro sportswear fashion,94372f2ddd293050e427e6463dfc1062.png
Artsy and eclectic fashion,56c3f0f4228ded3bbd682755265afdaf.png
Elegant evening gowns,60f26a909c4d99c72730bf7bcbd91af4.jpg
Casual bohemian vibes,9e2fadc09ee5327c65ba2320ff86b357.jpg
Bold pattern outfits,5cbec6cb16f231342e9d14860f645953.jpg
Leather fashion trends,8b101eedd5de49cf60a50c3ad33c5319.jpg
Rocker chic outfits,80a61f893c77f5391aee5b340bd09b07.jpg
Chic workwear ideas,ab6f75e2e8167553b293b753003f0cfc.jpg
Modest fashion trends,189274ff3a29640788751ccc42cb5807.jpg
Vintage denim styling,b662f772111ff34f962a9eb9ba96d884.jpg
Elevated loungewear,ad31f5a1cb1749b2174d78712bf144f2.jpg
Floral fashion inspiration,3ad82301c7c02460a61a5a1fa3dd564c.jpg
Cozy fall sweaters,5e4a6a84b6daac4ff8917f7cd5cce4f9.jpg
Casual fashion trends,73d82eed4dbaaa8b60eafc4f0182cb30.jpg
Vintage-inspired swimwear,e05c2b4d65679b91630632f1a7faf977.jpg
Latest trendy outfits for men,19dac88a81140668700b4d28b1d48312.jpg
Athleisure wear,b7263c9fe9e3925fd0bbb069ff854ecf.jpg
Romantic boho outfits,f0dff1d30812cc11381457aae50881b9.jpg
High-fashion looks,fdf57606bfeb5dd68e111df058c5acef.jpg
Classy cocktail dresses,2b75727cae00af46b66de33531dd795c.jpg
Resort wear outfits,9bcb773768d3fcd6c4493c6fb1d31289.jpg
Artsy and unique ensembles,752db8f4b33ce6010f6e5fdbe5cfb350.jpg
Casual fashion trends,776d682ef503638e57c06906d2262572.jpg
Elevated loungewear,062524ac9d7c1947b114bb5646fad51e.jpg
Beach vacation fashion,478b0f4a5cbc355d3767330604b43fbf.jpg
Glamorous party dresses,cbe390ba5d2bac7d34b39f44c2a2cbe6.jpg
Athleisure outfits,5ef842791162bd2b614ae6970f3d29ae.jpg
Retro sportswear fashion,5c449b17e31bdf938ac1a234901ae3d9.jpg
Sustainable and eco-friendly fashion,7d98a3aff360f3d35872171c5625c9f3.jpg
Edgy leather jackets,63f145ca4371ffd9312753b9a67a9085.jpg
Elevated loungewear,df4febcea24309b143cb54474df1c41b.jpg
Minimalist jewelry styling,38676e3013d5840a69f87c31cf1fa7c6.jpg
Artsy and eclectic fashion,5e37debbc3ed17673b9d0a161f7c7b4a.jpg
Sporty chic outfits,7f0ad246a70015dd595f16991973c57f.jpg
Vacation outfits,81f587ca7e6c34c812d41878c153cafe.jpg
Couture-inspired looks,a8cbb486de72882f61a3725e24cdcce8.jpg
Bohemian fashion inspiration,ffe51059365ef0297c7d5b0dbad3d652.jpg
Edgy streetwear looks,535e81098e4b8cf815f6636dfe885979.jpg
Glamorous party dresses,9717bea137cc598da1437763c94d3ba1.jpg
Vintage denim styling,e04c7962f15cadf80b9696c6a531361c.jpg
Retro style outfits,218c44e6547d59fcd218c77df187cdc6.jpg
Beach vacation fashion,db3599bcd8d4b8884cf2bbaef9365a03.png
Grunge-inspired fashion,8699e834e1702b88a91d2e621be78b42.jpg
Tropical print clothing,bf874091dc3f160285dd9d73862373c9.jpg
Boho maxi dresses,daf2ceb70dce44a45890990c96e85940.png
Parisian street style,6da5e13886f60b92ed49709f0d9c8e00.jpg
Boho maxi dresses,e721213166dbee088de247ebe25dbd40.png
Avant-garde fashion trends,371075c83efa0fcd5a895ed6eeab3b8b.jpg
Metallic fashion trends,5f2c02e983151b00974cabd63fd56636.jpg
Date night outfit ideas,c76c46528c1ffa394a956df5990fb1a1.jpg
Casual summer vibes,c19fc88012b11f850824a8e16b105e4a.jpg
Street style fashion,39a4ece409cac1c61993f4f7f2b03834.jpg
Minimalist capsule wardrobe,8334c89945f0917f89b45fe12c233014.jpg
Trending reels outfit,e1174fe457783c2ad3012aa32a8d1642.png
Western wear outfits,64903b4e390e2e8167a95b7a5d1e9a39.jpg
Fall outfit ideas,d9d8f4f970dcca0d9543c65ffff1ac37.jpg
Casual fashion trends,5d77c4ef2307dde62759bfa5472b1e41.jpg
Rocker chic outfits,6f5a619f19560e53ff2745c20707a7c7.jpg
Vintage fashion inspiration,f3020729215dbe3d9af1c138ca763758.jpg
Comfy and cute athleisure,5d379788802fb61960a4590afe7dfe6f.jpg
Festival-ready outfits,1312948541b3f17f734154bfaaf6197e.jpg
Trendy loungewear,a0ea3a1c2e372526c53869284d13c0bd.jpg
Romantic dresses,87f775fc588bf4958603f9d65be9a527.jpg
Urban streetwear fashion,1e5ab66f92dd4381e8e134befae47715.jpg
Travel outfits,0eb27e3c2ea269e90380562f1932202b.jpg
Artsy and eclectic fashion,66f7e2ed9b9134c15e842162e62b2ea6.jpg
Bold statement pieces,0943538216721e81e1c614b0c7c9e0d9.jpg
Glamorous party dresses,b0d6f14a5d6088fcfeb756b9f74e89e1.jpg
Vintage-inspired swimwear,51f7a39c0d7aaca0fcc7140f070b30e0.png
Monochromatic outfits,c17309da907f8fa8ebe5dd11322d153b.jpg
Elegant evening jumpsuits,617b9af7c08c50fc5679684347cf4c5b.jpg
Futuristic fashion inspiration,450908eb923cd3b03759567605d2a4ba.jpg
Classy cocktail dresses,1e25d143b1cf5a8be6b479ccf6475bbe.jpg
Modest fashion trends,ace35cf9a779bf3aeaa0590e3385642b.jpg
Avant-garde fashion trends,67790da9653fcfe3a0ca720d11ee3e5f.jpg
Futuristic fashion inspiration,b3aa8fdbd63163a2d5dcde64334eb46c.jpg
Statement accessories styling,b709d87f492c60245600caa2c3832673.jpg
Chic workwear ideas,26b5a348017a54297fd5a8cd347624ab.jpg
Trendy loungewear,783209bc8283bcfa5accf5c58b48b092.jpg
Casual summer vibes,6e8ea90a2e03c6eb1a5112404dada1d0.jpg
Elegant evening gowns,0b792f0e14988154bf362aabad3b8e4f.jpg
Couture-inspired looks,8f76272befdb0b97dc419300d2c06523.jpg
Retro sportswear fashion,03337a76420e59af775b12fc30997970.jpg
Latest trendy outfits for men,820b04b7dbb618f7e3d8f5118b623eb7.jpg
Bohemian fashion inspiration,b035d842d77656f4494ccf176a3f70ed.jpg
Celebrity outfits,ce1c263a0402681377fde1fb1b0a8b53.jpg
Classy cocktail dresses,e492920731e95033a39bbf7eb4853f66.jpg
Party wear outfits,7dadafc187f6bbaad14e489e4970320a.jpg
Elegant and timeless fashion,96d4e0ef470c8b68d2d735640d243f4f.png
Neutral color palette fashion,af9ec59302fc1d3ae02b1a0e1d87d1d5.jpg
Chic workwear ideas,c597e8d1f6bfa6fda8fead714b2517aa.jpg
Sustainable and eco-friendly fashion,a45956ddc2849e6c04728aebc8f7e3e3.jpg
Elegant evening gowns,9d350ef180bd6c93009211926a28eda8.jpg
Sustainable and eco-friendly fashion,3cfa6253378cb5d65eeb30baf8047e4d.jpg
Artistic and creative ensembles,01d2bd8309e17751dc12ba53aa91a1b2.jpg
Festival fashion inspiration,eac1d4eeaecaf8595fa3450a737ed84d.jpg
Denim on denim outfits,a68d4a11382846c29ed094278c6a67ad.jpg
Latest trendy outfits for men,b18601d726eadb48353a1cbc4f1562ae.jpg
Elegant evening jumpsuits,9874f44e1f893ace0a6784745d57ff7f.jpg
Elegant and timeless fashion,291550b2cb72a5ccde10ba69c054a44c.png
Retro style outfits,5ff1a6e287622859ba427acbf983c1e4.jpg
Beach vacation fashion,f9b1da8a3724827507e83ba2bd10ac3a.jpg
Artsy and eclectic fashion,73d3da1609e424b1667a5630aa756b41.jpg
Vintage-inspired accessories,202ac207d12e367916fbc4605c9573f8.jpg
Monochromatic outfits,01833984940c96f9b7dcb159dddff2d3.jpg
Cozy fall sweaters,362b31d6a43b7550f458f536524573e7.jpg
Parisian street style,3a1bc75b35fc9832a1c2d9c91816851d.jpg
Fall outfit ideas,0141927fde060a0096bff568ae2d8a04.jpg
Resort wear outfits,da91678e6944dc9d1d388c1a1a9ebf7b.jpg
Minimalist wardrobe ideas,50c694a50cd08087098788fd2b80f9f6.jpg
Avant-garde fashion trends,2a3748e796e2d6e40a2a896be0c1e435.jpg
Neutral color palette fashion,b3679fc55a06812a3c81da066d9f8613.png
Resort wear outfits,750af2f8b4ed183a9886064656f085cc.jpg
Elevated loungewear,a030bc2e9607255af7f7b7fec0ef8774.jpg
Party wear outfits,e8b549db7dbb7451389cb91973178128.jpg
Luxury fashion inspiration,6c5ea79ac2182c6457df5e083cdd4a84.jpg
Grunge-inspired fashion,1982cc38cf1a9bf86e02014e1d42875c.jpg
Floral fashion inspiration,e7507d0bfb65c7222dc219ca2ce83fe6.jpg
Artsy and eclectic fashion,e887f3620fee4334f111e08503e434ca.jpg
Tropical vacation outfits,8c75a5ed7b490d9e2e946577df2ac30f.jpg
Bright and colorful ensembles,da9a1fb71d11f67dbf3dfdab2c149de3.jpg
Retro glam outfits,f81b60f90d83e45f49e8b8465ee529a6.jpg
Oversized clothing looks,bf6c6e7c20d9f2f47bfda6fb47e7cb09.jpg
Celebrity outfits,574815c631649a5f248c40c17f69016c.jpg
Boho maxi dresses,7eec47736ee08afcb0a5fe848d6b091a.png
Business professional attire,34aa5d4874499948ce9b2bda9c419317.jpg
Monochromatic outfits,91ebc045e5affd13f4a71a95fb167541.jpg
Vintage-inspired swimwear,ab7ab17cb48baa18af92d6502eaaabff.jpg
Leather and lace combinations,1d04d5207c0054b3b0a66fd6e6c058fe.jpg
Athleisure wear,c8e577b5aa2f8c88cc846d7ea076c86e.jpg
Western wear outfits,4974f5b0c97c52f453bef9d50b9bdfc8.jpg
Latest trendy outfits for women,8a6efd0db53a1f75d5b1f479b58f4396.jpg
Latest trendy outfits for men,dc565ca604f23567c31d2a8caf6ada9d.jpg
Urban streetwear fashion,eeca2cd96294e6da3a51ba961bfe2b2c.jpg
Artsy and unique ensembles,2bedd201f8d87eb917002fb1437e1931.jpg
Trendy loungewear,edf93975950f3d7c4267b5b426ba4eca.jpg
Minimalist capsule wardrobe,2df1005b68f266f1b44f5df765530c90.png
Latest trendy outfits for women,040bb0a4e59e0452c2075f008671abcb.jpg
Parisian chic outfits,df3ca1dc38483f96a7bbccf994f9cbbb.png
Sporty chic outfits,c11ac02dea3b026acc24dfde52772e99.jpg
Parisian chic outfits,478ebc091a877aac67cc7d5fa3e290a1.jpg
Minimalist capsule wardrobe,467ab640f58d1e14aa6c8d0be04e6e9b.jpg
Workwear fashion trends,ab6f75e2e8167553b293b753003f0cfc.jpg
Spring fashion looks,cd11f5dce8110252e3c69132b27e8660.jpg
Leather fashion trends,de84b38fcc4f381653041e7f2b193388.jpg
Vintage fashion inspiration,269b1148f8ecfa9a4bfe3c3ec03f95ab.jpg
Business casual attire,dfd4002f043711e12ae8d0c9a8cc6f26.jpg
Bold pattern outfits,e56c9ac5dc123a0e4277e7d558a2dc57.jpg
Elegant evening jumpsuits,946d13c3db70f6ed731c418ff05b87ec.jpg
Elegant evening jumpsuits,7773da3cb4d82573f1d5485abbb76ff8.jpg
Artsy and unique ensembles,32823d299232980c8303db6d03804506.jpg
Leather and lace combinations,c2e8ecc37d40d7673bd76872d8de2931.jpg
Bright and colorful ensembles,bf5f8abaad3297d74d65cd6e0306a73f.jpg
Classic wardrobe essentials,0554d273c85f955fce3a8d2384306ac8.jpg
Romantic boho outfits,ce83a636791171c61730aa04b1141e90.png
Vintage fashion inspiration,d01d326950a520061901a01621bf2fb5.jpg
Edgy streetwear looks,2928dd8debbe25d8d2b5a5847257768b.jpg
Urban streetwear fashion,c1d8b893422a6332d9ef41149ab15aa5.jpg
Romantic dresses,b841459481eb1cdcf37e26d74f3ff82d.jpg
Grunge fashion trends,f5a01e1b43f26133474a05c7d755fbd2.jpg
Statement accessories styling,547c79139cc2bb8ac33d3c81e4d4a0ff.jpg
Winter fashion inspiration,c63d62e6ee20d15537a2f8a54864c912.jpg
Athleisure outfits,18501ac455e4e0b8f41c6dcfc20c08f9.jpg
Casual fall layering,bfbfd269add83a445e3e73c255f3d75a.jpg
Athleisure outfits,985c56fc7654385f0e3cdec982a93678.jpg
Parisian street style,af83d6bc1bc569b317f9fb8ab2edc446.png
Casual summer vibes,b4ed8b56489172e5f655a3e3a3c9f288.jpg
Luxury fashion inspiration,c1b5c62b6cce666e516acf88e9deeaeb.jpg
Bold statement pieces,e8f373d8fdfd8887a555906a24ffd93f.jpg
Street style fashion,ebd066b4425636fb46e395c00fc51c51.jpg
Luxury fashion inspiration,03c197d05d3c7ae315962b36fc1d582d.jpg
Retro style outfits,e288ea12dc448cf1d79e6514270d7ee7.png
Denim on denim outfits,d2a6eda52c9073e3877445cd6f769cef.jpg
Retro style outfits,a08af569d419371f6bd593b03779a502.jpg
Bright and colorful ensembles,afbdc943ab99d390f79d13b57e0d7b1a.jpg
Elegant evening gowns,d894fefa4049e4f5b64ac6af9166dbf3.png
Sustainable fashion looks,25c8f4bebe1ddb643ac2708cbe4a82bd.jpg
Festival-ready outfits,eb00dea07575c84ae223eae3d387f998.jpg
Elegant evening jumpsuits,da7d0ca535135e9a6c2c745d19c8f0cf.jpg
Leather and lace combinations,73a22f7bd2a08eec19fb20a27fda3219.jpg
Parisian street style,17b9da6bbc7411c2373fb9b528ed61d8.jpg
Latest trendy outfits for women,c5fd080e872c01e9c13d8fc9330f5008.jpg
Mix and match outfits,bab0d755b27aa766af0e143d349aef81.jpg
Elegant evening jumpsuits,2d9b8bf6e0682d03266ea761f27b5f23.jpg
Retro sportswear fashion,f1d8c5681077a21ead0780a436dece45.jpg
Effortlessly chic outfits,b40da7a1a1ca9cd016b4e23780e6fffc.jpg
Vintage band t-shirts styling,29fbfc683c87df96acebe8bfad5e5542.jpg
Metallic fashion trends,6d2f447db43335faf75909bced23c0cc.jpg
Chic blazers and suits,069a368cb8f7dbf0175654a208427748.jpg
Chic blazers and suits,c6744bb1426d875e659267d15a9dc9e7.jpg
Business professional attire,cd902592384b48013e29c49bd3208de7.jpg
Formal attire ideas,8075694c45c12b2b65d541a4465114cd.jpg
Business professional attire,64cffe243517b0bc3311360aaa53fae4.jpg
Boho chic outfits,847476d749d847499239dccda3f0fca0.jpg
Trendy loungewear,ad31f5a1cb1749b2174d78712bf144f2.jpg
Mix and match outfits,868965f1d30afccf539cb3b6c045d0f8.jpg
Travel outfits,c6ee3108cdaf5b6ec7fca815c65a93bc.jpg
Festival-ready outfits,5a300c1981c47a902f441240840dc250.jpg
Spring fashion looks,2294ed3cbfe22a18b6477b893e801d3d.jpg
Minimalist jewelry styling,31a8cf1486a60faf0571c59c4829c3df.jpg
Beach vacation fashion,7e649ed752e1596f1e2c45a617320119.jpg
Leather fashion trends,84ca5366bc070bea41434e1a112f7bf8.jpg
Cozy fall sweaters,181c3d9e88fa4df134ee09beb1912a5a.jpg
Vintage fashion inspiration,dff96d6d3da03bae0de47cd9ae85a31f.jpg
Classic wardrobe essentials,56d1719759d273e8c0ae61a8828a5141.jpg
Latest trendy outfits for men,95e95d3f42e4cbde5a6cddd2cea30979.jpg
Formal attire ideas,fa401cc87a19336b7d12abea3aec0a4f.jpg
Influencers outfits,051d7167fa2b4f6a33044e687c02162f.jpg
Edgy leather jackets,0b9870936ae828e3824a7929d4eb3987.jpg
Influencers outfits,6017c3b745cb5214d7752e0299afc3de.jpg
Vintage-inspired swimwear,fa48002e7b447b4f5680da06f072753f.jpg
Retro glam outfits,8c8b6a7a588e387aad89fa901836f605.jpg
Minimalist wardrobe ideas,0003db5a6c562a9ee3da0c511357f4b9.png
Classic wardrobe essentials,c7f9a84ef01bc8c4c05ea74ca6279a26.jpg
Denim on denim outfits,283d2e84ddfd2e859d4aa1123e5c2fb7.jpg
Preppy fashion inspiration,7a45dfe70e914415d0b5b06e95fc5cf9.jpg
Boho maxi dresses,515f94d5f3762933300816af70d28b3e.png
Trending reels outfit,f1c9efc9eadf9ed8101d2b1df257b157.jpg
Elegant and timeless fashion,0365481e5743c108aaad42386a0a7e4c.jpg
Chic blazers and suits,f12a138c625b9ac2eda3240a7453bacd.jpg
Statement accessories styling,feed559ff9137547d83db8e27e54c657.jpg
Beach vacation fashion,4b353b4a54bc3ee94c007656f7051233.jpg
Metallic fashion trends,cd71add60d0896b5bff986da9f40b1aa.jpg
Casual fashion trends,1f1a853f0486dbefb392d6e2889404fd.jpg
Street style fashion,495120addd3809850c51bb216e0e7ad4.jpg
Elegant evening gowns,da6759db5ecf305ad3a3c9f050cb5fb3.png
Elegant evening jumpsuits,477476bd937c48efd784d2a61347afe7.jpg
Winter fashion inspiration,663d397348714edcc44cc4600bf5471b.jpg
Grunge fashion trends,30ba6266c527b861cd0c7b23f21c5cba.jpg
Spring fashion looks,6eab2c751feb0947c9f4e2af24e70013.jpg
Influencers outfits,e2971109a014e1f6d66afee8085a8abf.jpg
Grunge fashion trends,a5f2d9104f08577db2cd783f41c010fa.jpg
Floral fashion inspiration,0de2b2a67780b55b1df06c3af26dd73a.jpg
Classy cocktail dresses,736f5be53f984cc8e8fffa5460d3f3d3.jpg
Leather fashion trends,b5faa4a7aa4b8f4cd9d7d3b49f0a4888.png
Parisian chic outfits,98346caba7a3b802685f52e13fb36a41.png
Bold pattern outfits,0944fd9125b8dde26e8d47b485f72e37.jpg
Retro style outfits,92ed6001bf3c789f2ab3b517344ea9f3.jpg
Neon fashion trends,e20f5a555da0d5f7ca41d71684d42aa2.jpg
Festival fashion inspiration,4d2726d60cc6e86ef4e258d0ab3f36d0.jpg
Grunge fashion trends,1982cc38cf1a9bf86e02014e1d42875c.jpg
Artsy and unique ensembles,9517cac02ee36045c11ab07d80cd5e66.jpg
Workwear fashion trends,c597e8d1f6bfa6fda8fead714b2517aa.jpg
Latest trendy outfits for women,f5f36643f775029e544efab64689f87e.jpg
Street style with sneakers,418a27f280f78a2a9f998e707c81ae9e.jpg
Bohemian fashion inspiration,3084f6b42fe66529494f07180860f2f4.jpg
Retro glam outfits,0bc5607e7a23a5ea6e328d318683fd2a.jpg
Grunge-inspired fashion,1e233ba41f7a1b28398046e8af1018c6.jpg
Influencers outfits,19192fdfe51af56ee4a2d5c6513998d0.jpg
Casual fashion trends,8eed9f5b7b8736cd72a8a35768cc26fc.jpg
Artistic and creative ensembles,e3c51edbb2a3bf7f909b969e4807d456.jpg
Leather fashion trends,b46235c70443f1bffa6785627e0bd245.jpg
Metallic fashion trends,e32f3dd4c3afecb24a9451381df422c4.jpg
Urban streetwear fashion,cdb5532b5ec691cd34917511e55ed82f.jpg
Metallic fashion trends,572fa2b75c11ef67b7a1dc54300696a1.png
Tropical vacation outfits,fa10686ee8aaae20e4fe83b6c7169af2.jpg
Casual summer vibes,13b4f0d9435e3581fc5bc273da9218c9.jpg
Edgy leather jackets,4c4e1ee2efaa8bc83a267c9fdfd1d5d2.jpg
Couture-inspired looks,f4d32c17670ade826e18f4546ecae3dd.jpg
Statement accessories styling,d100b168fbd559e421bceea0212468e1.jpg
Leather and lace combinations,bf57e1a4a140d95b778522640c2d7fdd.jpg
Streetwear fashion inspiration,ffbcdf9183d4a912bb18fff7432ea3a7.jpg
Luxury fashion inspiration,19db569652a964d45abd3d0b75dfe194.jpg
Preppy fashion inspiration,caabe912563cd29fe0e5d1ca9edc5db5.jpg
Travel outfits,e6042ae75aa167af9eee3d250ee2d7e1.jpg
Vintage fashion inspiration,333245ad69c24e48b7186000cebce5f9.png
Futuristic fashion inspiration,ba696070b5e2ba3aa50e514926a64c0f.jpg
Comfy and cute athleisure,22b3d48ecc9aa02652f2adcdb07352d5.jpg
Minimalist wardrobe ideas,9ab998fd4d2e5d99cef539a7e8d67a0a.jpg
Vintage band t-shirts styling,ccc40de70ae14d42c5ff8136a6e392be.jpg
Denim fashion trends,133506c572851e93c6d7d73a82505d98.jpg
Grunge fashion trends,afaaa3b69a85aa9f0f22705952fc3e2c.jpg
Latest trendy outfits for women,4972136aa9ead02f8202e0e7359c441f.jpg
Travel outfits,5d0f6c62372c3f91b317a6a13b5f578f.jpg
Artsy and eclectic fashion,313f5c5a3ffe246f858cb6ffa2d831c5.jpg
Denim on denim outfits,f1278b1ee707b9ead0dc7afd562abac2.jpg
Streetwear fashion inspiration,1f9d31f6a55735203e2d0f86e3feddd9.jpg
Boho chic outfits,a21c230db19997f46c874d52ac937565.jpg
Resort wear outfits,b12837043ca013654c4b5602ed3236a1.jpg
Statement accessories styling,51246f573c8d7934f8591a4018dc5edb.jpg
Party wear outfits,e40653599bc8df42c5d604902faf3736.jpg
High-fashion looks,626e64406140803226ebb3a73ac0f0e2.jpg
Festival fashion inspiration,d15ca3b475d9cbac9e1fd300309804ea.jpg
Vacation outfits,f6c9bab7371f147ebc0b673196c8440f.jpg
Parisian street style,b590dd0421e9282094977cee867b08bc.jpg
Edgy streetwear looks,84b6e2d9fb690dd0eddd70344597fa9e.jpg
Classy cocktail dresses,eb6ed93e4b303a5ed7b152cff0964f8d.jpg
Couture-inspired looks,3f9d2be6d4b6e0d3eb95bac8611a1e36.jpg
Boho chic outfits,d6cbab1b692d99079a616e11ec411a19.jpg
Rocker chic outfits,9c8ea3235fc306aefe31a69119c7827a.jpg
Edgy leather jackets,6d68fba466ba73f2989ee2ac9f583107.jpg
Chic workwear ideas,ae79e0a54c8801615d0f1bb9ca275325.jpg
Festival-ready outfits,de4da641c8a9bf61d96194bba53f7737.jpg
Street style fashion,d5cf1175f124b087fb06a5504a5c6fce.jpg
Artistic and creative ensembles,03af03ced9e97f9f309788ade779cd15.jpg
Metallic fashion trends,0c148bbd09417fb9f6f184e037b44ad2.jpg
Street style fashion,10b6d5144aeb3475c549615f2b02e391.jpg
Urban streetwear fashion,2a8e1787ebf281a1a2653f5c0de99ea1.jpg
Trending reels outfit,dbdeb91261b91141adfc252ddd52027e.jpg
Grunge fashion trends,b0b972d676dcb31550db00ae14d0a350.jpg
Resort wear outfits,67858610ec0b495b499038df65651965.jpg
Winter fashion inspiration,9d62a29488e4aa41928d304273ff0ac1.jpg
Party wear outfits,c102df71b08c7ee46ae469570c30b60b.jpg
Casual fashion trends,cd8e7520ec395b1506abfa23b843bd4b.jpg
Classic wardrobe essentials,f29f120d589332dc2b418f3b6190578b.png
Casual fashion trends,8953c37048c1b5176a30e60a4cb69700.png
Neon fashion trends,338113af269a86c66c8143a274a0c8dd.jpg
Grunge-inspired fashion,b0b972d676dcb31550db00ae14d0a350.jpg
Casual bohemian vibes,a92248581d777d14e92c768f5ef5a156.jpg
Street style fashion,c3e54d194cc14d11e12dffa0288c5f9d.jpg
Classic wardrobe essentials,25ac5437c5139719582a7a0f5a315290.png
Modest fashion trends,455b5c86858a98a625fc804d5d156235.jpg
Monochromatic outfits,07bdf786a20871bf385e99f691898254.jpg
Edgy streetwear looks,f852eaf694e165851538f3cbdbd70e67.jpg
Minimalist wardrobe ideas,514454b519405ac827df65f20eb1e5c0.jpg
Travel outfits,65b73037fc6317772361ddf7c6b256e5.jpg
Romantic dresses,16ae9fe28b840aa516c53c359c034ded.jpg
Grunge-inspired fashion,ea4b847588a8c33b224d384ceb19c9b0.jpg
Bold pattern outfits,0d4da18636b500450861ff40026c2ce4.jpg
Spring fashion looks,4a11c6bd426377a25fef2b582128c5b5.jpg
Western wear outfits,3370232d3e83924626be4648cc25a4f5.jpg
High-fashion looks,fa5903290055130ca18d957a5dadbc51.jpg
Avant-garde fashion trends,006cdb57df27facdc8b67e58c368fe24.jpg
Festival-ready outfits,92989e12bb24b0420f1ba549250f50cb.png
Artsy and unique ensembles,5111a2d65db00c465fe48a8f3c9ab838.jpg
Casual fall layering,58707850b9fe4d4b49d5ec6a3e55c659.jpg
Luxury fashion inspiration,13c7ae19b0ec36884168edd30c558d10.jpg
Couture-inspired looks,923a517e82a2bd8cf2d874767754b6a3.jpg
Boho chic outfits,712d1d10426211443c94cccb02ca1f96.jpg
Boho chic outfits,e55b948f5b61f9984549de0a042f9b84.jpg
Leather fashion trends,f76af7a233d929e1ab136c0aeab6c4c7.jpg
Athleisure outfits,f2f5ea71ba7a4edf8f81ade1f2d01871.jpg
Street style fashion,ec3179f931fda4a9786a5fad0b1caa5f.jpg
Neon fashion trends,55573dd02664290668d2efe836ba0178.png
Minimalist capsule wardrobe,4c5d8aa3ff9774d50b09ccb8496c1497.jpg
Preppy fashion inspiration,a83691d80ee1798863247cfd04ff777a.jpg
Resort wear outfits,8068bc8b20c5e70eb7b3c749e37e0eca.jpg
Minimalist jewelry styling,03599fc2de61cc0111402da2b4e09c92.jpg
Artsy and unique ensembles,6ea81ba22880c8362973bef7e31b2db7.jpg
Parisian chic outfits,902a6ae8b1ffd3ba9076cc2893ef886a.jpg
Avant-garde fashion trends,19fde60a314b328adbe9e9e343248ecd.jpg
Business professional attire,64d13dc60c75245dce34c802ddae58a7.jpg
Festival-ready outfits,4d2726d60cc6e86ef4e258d0ab3f36d0.jpg
Formal attire ideas,d499343e0344613718db2d8df8ec485b.jpg
Retro style outfits,5127d4e89938e2ce426388de92bd7f3f.jpg
Party wear outfits,448726ca3bd90ca5e2272b8d4600a9cc.jpg
Beach vacation fashion,0062bf3264b0774d578e5bc8b2595b62.jpg
Fall outfit ideas,635b38ce6de49f329076cd225a6d63f7.jpg
Athleisure wear,72481d3087196c812fadbd45ccc989cf.jpg
Retro glam outfits,09d92c96d9dd149ec9a98258c642852e.jpg
Vintage denim styling,94d7ecd96158aaafdbae9ca11b4b84c8.jpg
Metallic fashion trends,6655c2eec7c482ef2ee3a5d9253c73f1.jpg
Neon fashion trends,bd8a350be0ac129deb94c7d85e63381a.jpg
Couture-inspired looks,a5f384687ddf2d13a3ea9aa22e37ea1f.png
Artistic and creative ensembles,9aef8f7d50358124686fcd2e8881206a.jpg
Workwear fashion trends,6a12e3d978a27b8f562d4d4d01419203.jpg
Retro sportswear fashion,8ec484e33c5ef543e7e73c19f68ba9c9.jpg
Latest trendy outfits for men,87971f2997711b6d8645c3e1d7da7120.jpg
Glamorous party dresses,a48c43d9c55765eee6a1e7538ac46b3e.jpg
Romantic dresses,2178d84b2b78c6c0deaeaf5ebf3cacf1.jpg
Minimalist capsule wardrobe,f9c8f809c46bf6ebfbe3ac200f0d08d8.png
Street style fashion,f414edc2965369c0d53918dd0cb43fdb.png
Mix and match outfits,1e9f3458d54596106cf6984b68b50b28.jpg
Retro sportswear fashion,19fe69d3bf0cb417b748be52624874e6.jpg
Business professional attire,4a8f33f22dbd1d0ac42dffee15d9ce8b.jpg
Grunge-inspired fashion,30ba6266c527b861cd0c7b23f21c5cba.jpg
Tropical vacation outfits,28a3e8f9b09f5b96366383c5bc88754f.jpg
Casual fashion trends,71028537d272cab73655093b944ede4a.jpg
Retro style outfits,cfd7a146c8012773718cfc7a4a237ebc.jpg
Winter fashion inspiration,fe1688018449c37b2b13fea7d59f48f1.jpg
Minimalist wardrobe ideas,5243ce7103bc88994bf211b7e4f2f372.jpg
Neutral color palette fashion,c2387f4632f35769cc450ef8234b85ff.jpg
Effortlessly chic outfits,9cd6fc4a3d82d78467264e6f32ef4871.jpg
Sustainable fashion looks,3cfa6253378cb5d65eeb30baf8047e4d.jpg
Minimalist jewelry styling,f3ec6aeec2f4a74f816d740b187c0bdf.jpg
Metallic fashion trends,3d33d715691c6e2506c2c18307c38d98.png
Tropical vacation outfits,d98888db5d41310df1cf47c1424747aa.jpg
Urban streetwear fashion,d64f1ac2dafc5a22c7bc760cc690f71a.jpg
Retro glam outfits,f82bdf22edcdcd29dff6d63e84fd1b40.jpg
Preppy fashion inspiration,b73c22d4ffd3484554bec1ba2293e26b.jpg
Sustainable and eco-friendly fashion,498acaf8e02b3049aa203af87bbf4111.jpg
Floral fashion inspiration,217632da56c32d351e946a566ba5ce4d.jpg
Tropical print clothing,e22ccbfc818aab679bf5132421045874.jpg
Date night outfit ideas,543bf0f52225b9babc3c7a16bad24fbc.jpg
Preppy fashion inspiration,667362249c52b0dbf815664b9e60c171.jpg
Athleisure wear,7597e1fdb1baa6fa624728658fd9a7c3.jpg
Tropical print clothing,4b9d15b8f53fc9d9186269921b29f3fe.jpg
Oversized clothing looks,481ebe973d242952961053c1530742bb.png
Tropical vacation outfits,a34025a7ddfcbe17eff8717974d93e36.jpg
Workwear fashion trends,6c93c9d6e87378a5df96b3c8a69974af.jpg
Festival fashion inspiration,ff09fb7af4e6babc83ff9a5510d06fb8.jpg
Celebrity outfits,9fcb85b1330b72ced0ee891c3df55e5c.jpg
Denim fashion trends,84f603a8ebf414a5af009811bfe4a86a.jpg
Festival fashion inspiration,de4da641c8a9bf61d96194bba53f7737.jpg
Mix and match outfits,fbe44f7afad70c6a37887a00e082773b.jpg
Classy cocktail dresses,777672f0ba42caf723f2398a1e20b912.jpg
Metallic fashion trends,445057c3e9ae6b82d758abad816aec85.jpg
Formal attire ideas,c6e3d2ab8778442f1782b443c4c0a288.jpg
Mix and match outfits,26fb200fc902648976f12a39f04c466c.jpg
Tropical vacation outfits,dd1283fd077d9e1c7a4e246d4ec56131.jpg
Couture-inspired looks,8215f3504f99ea1dc9ee96e3ede64b77.jpg
Tropical print clothing,b4a814de9e48628e851bc5328d6bfecf.jpg
Boho maxi dresses,9f06f9d7d230f419b34d95b6fb68a21a.jpg
Minimalist jewelry styling,a24a2684793a53669ca302759000b3bb.jpg
Elegant and timeless fashion,68ba9f775706d97113fb137dfacc43bd.png
Effortlessly chic outfits,b0eccdee188da600f6c9a14ca288d8e2.jpg
Cozy fall sweaters,22e52d1f1ce66be5915163427736a081.jpg
Denim on denim outfits,0ee05e9cf1f17b734ed40856ca200245.jpg
Vintage-inspired swimwear,84ec679ea15a0ea6f202faefc8a8aa97.jpg
Artsy and eclectic fashion,4e3ffcc99e5254675c6fc5baf2913bcb.jpg
Floral fashion inspiration,7e0812769524f931cf68c0994890415c.jpg
Summer fashion trends,cb1af9b4a9d4ee09a81908ced503a6f4.jpg
Latest trendy outfits for men,f3523cc1cd362280b835dc2167cc3de1.png
Effortlessly chic outfits,4b48a4deb9aa490f90334444275cc11e.jpg
Grunge-inspired fashion,f5a01e1b43f26133474a05c7d755fbd2.jpg
Athleisure outfits,b7263c9fe9e3925fd0bbb069ff854ecf.jpg
Vintage fashion inspiration,77f083301d3fb75511e4392e22f0bb37.jpg
Chic blazers and suits,c02450bc7fa53657a1523711481612a8.jpg
Chic workwear ideas,d23c3b64e8edf226a9168cd84d9deeb8.jpg
Vintage fashion inspiration,7b912c532c5e722149c5aea2e8bc3285.jpg
High-fashion looks,10d736cc353df34fbe64b71bb96dc260.jpg
Vacation outfits,37addc286f81faeeea31f7365e9dbaf2.jpg
Vintage band t-shirts styling,646c04c58a45b31e249909a6a22d786e.jpg
Neon fashion trends,eee57d9ece2d46c782b02b30fd2f9e3f.jpg
Vacation outfits,2a3f5238103e585f9b1973e933e4bee5.png
Beach vacation fashion,17af6cac6db6e7bc2af3cbf154854190.jpg
Romantic dresses,b929d6f4d685b6117cac4368aa85fe58.jpg
Parisian street style,c59fdbb96b6831a5c81190b0a4d75152.jpg
Vintage band t-shirts styling,275054981fc4eb3f377a5c23757afd05.jpg
Date night outfit ideas,fa85c9c39f02529707b30372fe3ac27f.jpg
Tropical vacation outfits,02d80e74f27a5d6425250ee3e629ffca.jpg
Romantic boho outfits,f4840e2f53de9cfce9f597438ed1454b.jpg
Street style with sneakers,3ffbabed3b83c14b3c9b9c93ccbadacc.jpg
Leather fashion trends,a22b01e729c8a2fcaf8fabcb7d664962.jpg
Trendy loungewear,df4febcea24309b143cb54474df1c41b.jpg
Leather fashion trends,cbed85a27f2b034899724e37fb575f6f.jpg
Celebrity outfits,9ebf6892c31afc7f8a2154db3c479017.jpg
Festival fashion inspiration,1312948541b3f17f734154bfaaf6197e.jpg
Minimalist capsule wardrobe,7da94d2cde35b21136a4454ecb5ac7a8.jpg
Bright and colorful ensembles,32823d299232980c8303db6d03804506.jpg
Denim fashion trends,c898bd7772390f8855dd28a1a308f804.png
Effortlessly chic outfits,8501de35f09e0afbae3759dca6e5be28.jpg
Casual bohemian vibes,1a8b006e28b32514706dd22248c22b52.jpg
Floral fashion inspiration,e9a9d0097bd0c0360fae826ada38defc.jpg
Neon fashion trends,89113bb6ffbc0576f2a2978a96204c0d.jpg
Classy cocktail dresses,826195fdafc8a156768dcefce0b390c6.jpg
Minimalist jewelry styling,964a1055b829922902af321f4eda5c59.jpg
Romantic boho outfits,2ccb59e7c4db6acaaec841582630a647.jpg
Casual summer vibes,039300dfaf8564a9f7bc954f3bf46855.jpg
Vintage denim styling,9f08281ba486423c8e31e0f136288642.jpg
Bohemian fashion inspiration,c690af87ba0e84a42b8e771c3c46ec09.jpg
Mix and match outfits,6643c9d472ebe82dd9c0f1009d7282dc.jpg
Grunge-inspired fashion,a5f2d9104f08577db2cd783f41c010fa.jpg
Formal attire ideas,79d0be60a93d38cb0635162d15bd0f71.jpg
Denim fashion trends,47302e8f0bd32df9896e86477710b3f9.jpg
Neon fashion trends,fa90b929e4627953b63e311ac539543a.jpg
Parisian street style,3886a7d40132f084be45df0ea6ceb46e.jpg
Avant-garde fashion trends,bec70d48fb1cf474682d77e1d74f387b.jpg
Latest trendy outfits for men,44a5a0ed5bb0c82148809d7c89464438.jpg
Fall outfit ideas,899f9a28e57aeeecacf5d85db5944659.jpg
Monochromatic outfits,d5e2c5c7b7ae24ef528becb4988a44d9.jpg
Date night outfit ideas,dea60885a7be688e3dc57c6ade23e557.jpg
Rocker chic outfits,32b46aece866269833e7cdae3f1d3444.jpg
Latest trendy outfits for women,7c0d821113657c96e1966d0c7a94ce52.png
Leather and lace combinations,2228762a748de532ee3add728c0556f2.jpg
Sustainable fashion looks,32bdfd7b1cac785b6251ae593be200ba.jpg
Effortlessly chic outfits,3b9b0ae4a51af50e9d97d270cb06b93b.jpg
Preppy fashion inspiration,986eb783766f9a4ff13fbde5b2ccbedf.jpg
Futuristic fashion inspiration,3aa1e09bdcc956f8afee3ef484a7d812.jpg
Chic workwear ideas,566f358e2455beade96bb351748f6f3d.jpg
Minimalist wardrobe ideas,1eed8f0bf81bc11bc731d1e6da458e02.jpg
Denim fashion trends,a8331629ec7771a53d8b44f08496d276.jpg
Vintage-inspired swimwear,d654c044b474b0268cb5489cc895614f.jpg
Neutral color palette fashion,2f7726034148b3c075cbb0778c4dc162.jpg
Monochromatic outfits,f252993051e33355aa153902a4b64418.jpg
Artistic and creative ensembles,ae77f7f85d3a470a2c851852f55b1fc0.jpg
Workwear fashion trends,57afb5aeafd990dc7a082f3f96099440.jpg
Futuristic fashion inspiration,75f50088b0773dc9a79ecbc7c7ad1799.jpg
Couture-inspired looks,412223a8c80ed5bef7a6c62194d71a9b.jpg
Vintage band t-shirts styling,aa9dd99518d827b83fabf617fce5ad91.png
Bold statement pieces,8d464b9e6137f53a62f9e2eb24de4e25.jpg
Resort wear outfits,1b7fc44f191e45becf5f866b59144d95.jpg
Streetwear fashion inspiration,a566a4dc289542c6a3d05f69e82307c2.jpg
Minimalist wardrobe ideas,71283d8a0ea818fa6c17ce6f3445c0db.jpg
Retro style outfits,8ec8b409d19b445a15118276b731e60b.jpg
Workwear fashion trends,ae79e0a54c8801615d0f1bb9ca275325.jpg
Latest trendy outfits for women,fdbde294c82ea190d3e1023bfd78c66e.jpg
Celebrity outfits,bd14b11645221900cf0e30a993138ade.jpg
Comfy and cute athleisure,04de7ef2f8ac3f48768a2d9bf7bbfeac.jpg
Sustainable fashion looks,0d7423225c4e6ade8d64af7c042ba3cf.jpg
Streetwear fashion inspiration,33dd602681714b7edd402424317f9a99.jpg
Modest fashion trends,4f0c10e95951e52f0cfbaf5c44f84dfc.png
Vintage-inspired accessories,d84d14f34a224777e2f996086200ffaf.jpg
Romantic boho outfits,f7c13ba444fc3be94a7bb6795d14f954.jpg
Festival fashion inspiration,5a300c1981c47a902f441240840dc250.jpg
Vintage-inspired swimwear,8d5711614f653bb6c97085ef1927c811.jpg
Futuristic fashion inspiration,f049252b6de8d130cb413cceae034494.png
Elegant evening jumpsuits,98faaedcafc539698f59fedd214dcd60.jpg
Elegant and timeless fashion,f1799dd481b5bc3be25a1bb71df26e69.png
Streetwear fashion inspiration,3877e92787b2cf54270cd9aa7af5c259.jpg
Sporty chic outfits,53ee4b06da89516a72c3ac06bd177e7b.jpg
Vintage band t-shirts styling,9c3a6a5cdec0b42d39bdc4aa67b628b3.jpg
Sporty chic outfits,3fdaeb0359e92b05ebc2dc834152d749.jpg
Sustainable and eco-friendly fashion,93cf1ad71d3c91d0ca5c70235659f2dc.png
Vintage band t-shirts styling,15953afc968d424e495cffa9aad6165d.jpg
High-fashion looks,cd56088e44e0fe62428e9f6a30a52dfa.jpg
Chic workwear ideas,57afb5aeafd990dc7a082f3f96099440.jpg
Casual fall layering,507d9c1a84dc147d4678728791137063.jpg
Casual bohemian vibes,bf8fac69091a3b9670ef7d744a8ed110.jpg
Boho maxi dresses,9ce5cd95f3bee803a125bb75beba1274.png
Sustainable fashion looks,93cf1ad71d3c91d0ca5c70235659f2dc.png
Casual fall layering,cb03818b90c2c779da42b97b127f3e36.jpg
Statement accessories styling,367107ab2163fb1d142e3a09b69d1d54.jpg
Avant-garde fashion trends,f9883eeb78007b38dd5cffe24ce7ed58.jpg
Business casual attire,da349265d1f24301f255fb216864ac8d.jpg
Summer fashion trends,263e162fa0449792ac77252c97c86cb7.jpg
Date night outfit ideas,73e1239778eb2bc9a402f4bce17bac47.jpg
Grunge fashion trends,ea4b847588a8c33b224d384ceb19c9b0.jpg
Athleisure wear,985c56fc7654385f0e3cdec982a93678.jpg
Spring fashion looks,fdda5c78d54d537cd199b481e2b6bbba.jpg
Formal attire ideas,5fc4d1ff0842ea2ef585c882a3c58ac9.jpg
Streetwear fashion inspiration,f1010b2096411e69c9db272e6b95e276.png
Elegant evening gowns,be5cfa17960b3e18ef3e1950510cd605.jpg
Business professional attire,9f5e3ad49d142758a1709d0ccf889f2f.jpg
Influencers outfits,98b41d55baa88c48283c4a8d162ee6bf.jpg
Bold statement pieces,e4aa5549a180699bcfd7670f61df3384.jpg
Chic blazers and suits,946973349214de14369624c93c6fc603.jpg
Trendy loungewear,f4777bb87b8e30eb0f86b121ce213d70.jpg
Business casual attire,b3a7ae875764e90d6a51b8e727f93723.jpg
Edgy streetwear looks,9dd2175aa4da180691bce337fa75a005.jpg
Date night outfit ideas,c2ce52979f0e2f2fb87de84c21ce91af.jpg
Effortlessly chic outfits,261b7a39b97134246a07d16ddb7dadd7.jpg
Vintage band t-shirts styling,a4dd835ebfd6ddbf52de77a05b4294f9.jpg
Trending reels outfit,5b265be4c809f49b647e2fa1f6e75213.jpg
Formal attire ideas,05d2e4b8ffced317b57018d590ff7c86.jpg
Elevated loungewear,783209bc8283bcfa5accf5c58b48b092.jpg
Preppy fashion inspiration,b0379d21e1a4a9caf459fb60dd1cd42a.jpg
Floral fashion inspiration,6301a2b5f98d2be36bd117c76aa3c9da.jpg
Minimalist capsule wardrobe,b30ea035951b23b840f027cab1847196.png
Bold pattern outfits,7fa066d5b681fe87d56e51b55e5c3fcf.jpg
Formal attire ideas,a502480c93f9353e32a4200d22d38b27.jpg
Casual summer vibes,857a59223e52659b4b03cd9a39f70fa7.jpg
Business casual attire,55eb847116c29bbc2f93339b004aba96.jpg
Statement accessories styling,bc10a17e315d8e79384e8924b75ac56f.jpg
Vintage-inspired swimwear,79734869473a98bba54ce9ffbf1c40e1.png
Parisian street style,d6ac0cc19f2f20f05aba67aa60e84147.jpg
Neutral color palette fashion,8532e9f6109df96ec69e5d8c1e4e3926.jpg
Trendy loungewear,ddb45b636b89c931541d2c81be2ef492.jpg
Vacation outfits,133fdad9cdae81647f42acf1bc39bb8b.jpg
Travel outfits,e6113ce92506c03f409ee2b3b6d84ef0.jpg
Festival-ready outfits,ff09fb7af4e6babc83ff9a5510d06fb8.jpg
Futuristic fashion inspiration,9f4a537c36f779c25b216d23bd8446b7.jpg
Classy cocktail dresses,9d4919ac7192cbece14e49aabc442460.jpg
Vintage-inspired swimwear,555e0e027a5ea29775801e1a9774b211.jpg
Vintage-inspired accessories,1d1e59efaf9e5e998380f4e02f51a913.jpg
Parisian street style,cec7cee602143cd6cc4a7b0264f6695e.jpg
Urban streetwear fashion,4285d196f1ec4f26ce7c39f78e6962a0.jpg
Avant-garde fashion trends,9e047666ba9cd48a1f2dde1d3eae0a8c.jpg
Grunge fashion trends,6e7dfa9350ea8ba476dcb656633a2c94.jpg
Urban streetwear fashion,5ae1ec8c9d1669040e5cb631325d22d4.jpg
Cozy fall sweaters,2fc49b56581ced66521796d01fc03ec7.jpg
Vintage-inspired swimwear,3059149098771156f49c9106849fb2fe.jpg
Edgy leather jackets,e4231a10ca743b74bdf0cb180f839ffe.jpg
Minimalist jewelry styling,406667533dcb910dfaff43c3e2fdcfb1.jpg
Retro sportswear fashion,ec05dea10e44b11094c6c7996ab03b9c.jpg
Parisian street style,7c03428a9d6decf5393b4812fe25a699.jpg
Winter fashion inspiration,362bd88d6de381fdabab907ab4a15b86.jpg
Tropical vacation outfits,8e473c7f7a9ccc23dcc6583a43dad32f.jpg
Monochromatic outfits,14ee349817b3db9561a1d5993523e42b.jpg
Sustainable fashion looks,498acaf8e02b3049aa203af87bbf4111.jpg
Fall outfit ideas,1eabd40915432a06f8dd5c56764a7516.jpg
Modest fashion trends,70c5f1d5bb9842f03102e3b2cafc9412.jpg
Street style with sneakers,1a9c3b562edb183958dfb2da473e45e7.jpg
Bohemian fashion inspiration,57e068b6bad40cb748553aa3956d37a7.jpg
Luxury fashion inspiration,7fcb42472d05d788ae838c5864b6c00c.jpg
Winter fashion inspiration,f1a657008889cbe402e5feda2e2b38c6.jpg
Party wear outfits,c9af3b6baacda1ac0f9601b6f82fbaf7.jpg
Minimalist capsule wardrobe,5152d7111667b4f3cd84943f3a47925a.jpg
Oversized clothing looks,583a07facdd9618e8c529e7193e9e7ae.jpg
Date night outfit ideas,0a1fd6098ffe0d9acb4dd1a6e14e9b11.jpg
Celebrity outfits,382a27a32e16b052816f59ca21e6d348.jpg
Denim on denim outfits,ef8c1e24e66ebb7138e308db78709994.jpg
Workwear fashion trends,26b5a348017a54297fd5a8cd347624ab.jpg
Avant-garde fashion trends,882f1fc8e2734abb723af378ac97c8c2.jpg
Business casual attire,06246de9bf0988e8b8df28dec00281aa.jpg
Western wear outfits,8dac360e3eb0840eaed825ce3a023653.webp
Romantic dresses,7f1c3b29e4779b4f420a6c0856c08055.jpg
Festival fashion inspiration,92989e12bb24b0420f1ba549250f50cb.png
Comfy and cute athleisure,4090f401b0ba32bf5cea8a558ea26788.jpg
Retro style outfits,4e32700fd2b27b9b3ed156d931a28388.jpg
Boho chic outfits,fe96b93efe48553834d97d29a1376e53.jpg
Artistic and creative ensembles,da9dad9367e0564a0db1bd939d5bffe0.jpg
Vintage-inspired accessories,494fe749a9bda88664096201763c666d.jpg
Athleisure outfits,c8e577b5aa2f8c88cc846d7ea076c86e.jpg
Comfy and cute athleisure,a416d0140b1eb991285436603ef63456.jpg
Parisian chic outfits,bea22487ca59ecfee832bfd8b6d8f0d5.jpg
Casual summer vibes,1e84d24ebb79bd02e31f8bc36696f862.jpg
Vintage-inspired accessories,d2826052dc739f30400307b76fc37b54.jpg
Summer fashion trends,1a21d702a2e68c5c1077e69814fc5dca.jpg
Denim fashion trends,2f94a0bc182599ca980a498c8b5b0f15.jpg
Oversized clothing looks,7d6e015b93e6ba1b2e9402acc3123809.png
Athleisure wear,30dcb93358eab03f08fc854c8a28f1dd.jpg
Mix and match outfits,83dbad5d56b5a27f2c03ad1699779f55.jpg
Date night outfit ideas,6d679c94d635e95a8403d34763e7eb03.jpg
Sporty chic outfits,0b4c4188b455c98f0b3cdd1a9b5d15c8.jpg
Trendy loungewear,a030bc2e9607255af7f7b7fec0ef8774.jpg
Minimalist wardrobe ideas,c7e58ccee697cc2b87ec9364853fa0f3.jpg
Denim on denim outfits,ba9fdbe1f1665ffd2b38b586600782a0.png
Influencers outfits,d4cdf58dbde15146b652aa6cfdda13f0.jpg
Business professional attire,8fa315e7b35185323fb7d2212fa6f5f6.jpg
Street style with sneakers,de047262dc2ff774d7abe07b8c9b2064.jpg
Trendy loungewear,b20f335dcd76fcb6d4c0a159cda33f06.jpg
Romantic boho outfits,9f4f919a3e0b5cf31bfe5464b4e12024.jpg
Bright and colorful ensembles,5111a2d65db00c465fe48a8f3c9ab838.jpg
Party wear outfits,d499235bc4c1eb5661d8e59975143112.jpg
Neon fashion trends,33849b59b68b5c14adf9906521cc208b.jpg
Beach vacation fashion,97b767459605e6551691741fe9e28384.jpg
Streetwear fashion inspiration,96e8687e63bd32399399a790e58e847d.jpg
Romantic dresses,7c98ce1e7fa90043fdcb2530783c6365.png
Trending reels outfit,ff4db830adeda483058f35ce5782728e.jpg
Tropical print clothing,f67a3cb02345b9c7f1f68c6006cbd443.jpg
Bold statement pieces,8fa41bcf386239fc5d4029c66f9a20ea.jpg
Chic blazers and suits,e2f6ae311074a7573c2ee40397878a6a.jpg
Edgy leather jackets,59fac11ab2aa9a398a0629ecabf7374e.jpg
High-fashion looks,fdbb27e041a8cadf04ef39aca4807855.jpg
Winter fashion inspiration,7b96ab994bfe7b3a43df162a992b3789.jpg
Bold pattern outfits,79d7403bf090c046cc7216fcdf2f2f05.jpg
Glamorous party dresses,0f0366f757b5c7254f51ac0eb33bb7dd.jpg
Sustainable and eco-friendly fashion,32bdfd7b1cac785b6251ae593be200ba.jpg
Latest trendy outfits for women,53f4fde5beb69d223b9fbdfab83537e1.jpg
Western wear outfits,0e9b57efe391903880cfd6e77c06c6b8.jpg
Leather and lace combinations,ee7e9520763523909b16ee2b49637416.jpg
Summer fashion trends,3b9f04c29d3c60a7f2f4dafa3da935d3.jpg
Grunge fashion trends,8699e834e1702b88a91d2e621be78b42.jpg
Business casual attire,04d9221035504873c4edf0c6d2730578.jpg
Formal attire ideas,f672a2f019fdfefa7add332a65732280.jpg
High-fashion looks,83b164e6f5b0df75db0873e2882b461c.jpg
Spring fashion looks,b098f27119864e3b521f00134b90c210.jpg
Elegant and timeless fashion,698ac049dca56248ea0f3c1b8053e911.png
Bright and colorful ensembles,9517cac02ee36045c11ab07d80cd5e66.jpg
Casual fall layering,6d0c6daa18705d611fc32b360bbcccef.jpg
Boho chic outfits,c7baa8c57210c4f692e84c9e1fe80bfb.png
Tropical vacation outfits,a703582ec4b9d86ba84f7df3a5df9982.jpg
Resort wear outfits,ccaf109ba5c036878d47e8e1c059cb30.jpg
Bright and colorful ensembles,6ea81ba22880c8362973bef7e31b2db7.jpg
Chic blazers and suits,17944176e514312ae7f1742e90c80e1a.jpg
Retro glam outfits,07c2a61d17a7df6f204e8ae37dcb1a77.jpg
Retro glam outfits,3187816b08a69548c832ca0b692ee02a.jpg
Festival fashion inspiration,eb00dea07575c84ae223eae3d387f998.jpg
Beach vacation fashion,2243f6f02776b2950448410719ad504c.jpg
Rocker chic outfits,65ddf943aa2fab31df4b82a6c64c100c.jpg
Comfy and cute athleisure,1d9c181942726773e467cd159b691416.jpg
Workwear fashion trends,d23c3b64e8edf226a9168cd84d9deeb8.jpg
Leather fashion trends,2d2945dbf40fceecda0d9e8ec42540c7.jpg
Parisian chic outfits,1f84ee2b5f1875e7190df0a2cd9c3d89.jpg
Oversized clothing looks,b50e99f136de9f7ab7ea4d218bea1aa2.jpg
Cozy fall sweaters,b943d394a5b209f2d6ff040381b57f48.jpg
Parisian chic outfits,8c1027872d1208b625f7d9c1ea9ce3b1.jpg
Elegant evening gowns,ecb282b2f848082ab682ff77fb9076b9.jpg
Edgy streetwear looks,580432d1e5750fc698bef926906f22be.jpg
Elegant evening gowns,dc9e092c120a7522358085f58dfbe046.jpg
Casual fashion trends,ee0dc12219e130dec30290c32a724ce6.jpg
Business casual attire,d916ea1e65b33a3b245f3b63b761c4d2.jpg
Travel outfits,d047e9e65c3328977370bebda93f9011.jpg
Tropical vacation outfits,19ddf904674bfde6aa97ad6cd999d28d.jpg
Elevated loungewear,b20f335dcd76fcb6d4c0a159cda33f06.jpg
Sustainable fashion looks,33f0c4f6bc452ed2c3270023afbe1a8e.jpg
Effortlessly chic outfits,841c57ec9200d85d58ff5f1895acf48f.jpg
Casual summer vibes,14ea54ff7a306608c1467e0aa46b72b2.jpg
Preppy fashion inspiration,7660adc973d7e9a49160c8e9ad1f7d04.png
Summer fashion trends,bd5ff4cfd8b856dd5a7e4ac58c3b5108.jpg
Streetwear fashion inspiration,6d8dd08749d0898b73947292b7566a89.jpg
Classic wardrobe essentials,a515b9964ac5648ce6b6f0627ab9d5d0.jpg
Boho chic outfits,605ad40894780d6e5c1ca43441f3e985.jpg
Vintage-inspired accessories,c118287a286d0b7adab87a51bb71a0bd.jpg
Tropical print clothing,2a9206b7d3908b599d76aed11a9acd25.jpg
Vintage band t-shirts styling,001eba3049b58e2065ae7f837937de99.jpg
Vintage denim styling,8fcf173bbb1a6c4e053f7730105b3123.jpg
Vacation outfits,558cc5fc8c0c8b9e83bfdea17ab67d7b.jpg
Athleisure wear,f2f5ea71ba7a4edf8f81ade1f2d01871.jpg
Casual bohemian vibes,6dbf16c32036816bbce5f7429280920a.jpg
Chic workwear ideas,941172fe596cb66df1f01a257e915bc8.jpg
Casual fall layering,55a324fd46586acf029607350843f87a.jpg
High-fashion looks,cf94fa18b5fa8a3e867bcd60cd30630f.jpg
Boho chic outfits,44d2164adaf191355d00b3f9b3d9eef5.jpg
Sustainable and eco-friendly fashion,a3f49bd9300320fb8b01ff2b8f374e3a.jpg
High-fashion looks,8cc4cc376da93815b4431ca6148a8de3.jpg
Casual fall layering,8a2fb5a2228dea8ae21536417337ac9e.jpg
Leather and lace combinations,fba6bb732c16891bdf09bfaa07e9ba51.jpg
Fall outfit ideas,b7ddb87b20e2a9ca5275281968b3ed21.jpg
Business casual attire,6e41e4a427583a91944b0045be8dd3fd.jpg
Trendy loungewear,062524ac9d7c1947b114bb5646fad51e.jpg
Business casual attire,c77d1895c94fb5ed246ab7c6b01b950c.jpg
Sporty chic outfits,7e091bb9290bf61f1c1310e066a4b76b.jpg
Tropical print clothing,7c4237553ac1ec7fb3a3dc7707389b70.jpg
Parisian chic outfits,74215cd504e4636822bac30d7f4c8212.jpg
Western wear outfits,5ecab08c7751f96cf824ca635b556c71.jpg
Modest fashion trends,8248e16bf49443e980e2e93b0e18502b.png
Comfy and cute athleisure,9a1695f6f8780f388db9ed3345099985.jpg
Vacation outfits,e2e518c9c97352df565932d9be020f7e.jpg
Travel outfits,ee48c6b89105ee1738bf23b5b7ad862f.jpg
Vacation outfits,74f814be5e6c9390506a47d7dc0be622.jpg
Spring fashion looks,655ca56a81d71fad36e26c7d3d5d1b20.jpg
Casual fall layering,7e195b020721b2b094308890f6c80fb5.jpg
Bohemian fashion inspiration,4d19d857b6fe976a267ea2bd2ef612fd.png
Neutral color palette fashion,d181702ccba82d3678ae15f0a259f1ff.jpg
Street style fashion,95655b5fc53b113f650dac58b4e26f1e.jpg
Sustainable and eco-friendly fashion,25c8f4bebe1ddb643ac2708cbe4a82bd.jpg
Festival-ready outfits,eac1d4eeaecaf8595fa3450a737ed84d.jpg
Chic workwear ideas,6a12e3d978a27b8f562d4d4d01419203.jpg
Trending reels outfit,286eba2dc5649a7ccb0f5f7ba9870749.jpg
Minimalist jewelry styling,d187a2ccd1117895896e681a1d28a4d1.jpg
Retro glam outfits,586f9b24f0e574ddc69cc1183c19631b.jpg
Elegant evening jumpsuits,194fb268c9fddeaf4f3985a91b91239d.jpg
Romantic dresses,905e0c44ae809cdf85f128e9ee529e7d.jpg
Sustainable fashion looks,a3f49bd9300320fb8b01ff2b8f374e3a.jpg
Sustainable fashion looks,a45956ddc2849e6c04728aebc8f7e3e3.jpg
Street style with sneakers,fc4b9562729dedb479b340b888dd8859.jpg
Vacation outfits,037a46e96139214ef76e27b5980184aa.jpg
Elegant and timeless fashion,d5d34b16e726fbf41d84660bc0e918a6.png
Casual fall layering,07141c2cd1cb8438c7c9e5ed174ac27f.jpg
Influencers outfits,feca755afc64780e938dc390fd8b1aaf.png
Business professional attire,b25ada16a1bb6a47de54257e08555fee.jpg
Vintage-inspired accessories,fa2632cac0ae8dc29310ea99693c40a7.jpg
Festival-ready outfits,d15ca3b475d9cbac9e1fd300309804ea.jpg
Athleisure outfits,30dcb93358eab03f08fc854c8a28f1dd.jpg
Couture-inspired looks,a33c30549854b7278043ad5b01c8cee5.jpg
Bohemian fashion inspiration,9bd45b717d52d3f15b1d01492377b920.jpg
Sporty chic outfits,62c3fd0b6cc40c5f7a633b5566622faa.jpg
Oversized clothing looks,ce8a2c96f90371d441dfe8c8f04c7e27.jpg
Artsy and unique ensembles,da9a1fb71d11f67dbf3dfdab2c149de3.jpg
Monochromatic outfits,853830dd6d563d71b8cd66192b7d1afd.jpg
Bold statement pieces,6c0399789d5ea644e55e2a38e4245db9.jpg
Elevated loungewear,ddb45b636b89c931541d2c81be2ef492.jpg
Glamorous party dresses,760aeaba2cc4659da090c82a90d25e42.jpg
Celebrity outfits,46982ff05fbfd2089904d703302c676f.jpg
Casual bohemian vibes,2487bf87ba80a0bbfae22eda62cd03de.jpg
Neutral color palette fashion,a5ee259454de088d4649493837d035a1.jpg
Oversized clothing looks,ab3c88ef55a451135c5d49c337746997.jpg
Bright and colorful ensembles,752db8f4b33ce6010f6e5fdbe5cfb350.jpg
Winter fashion inspiration,fced8651f634017a7ccecc9ee1552df2.jpg
Workwear fashion trends,566f358e2455beade96bb351748f6f3d.jpg
Denim fashion trends,2be07d6fcf8822d9553bfe159b78ef0c.jpg
Mix and match outfits,523238ea4f01046184abe43b51eeada0.jpg
Western wear outfits,5edf422b61f2e898dc3ad25710101552.jpg
Urban streetwear fashion,1e13b2e4561bb9d89310b8e111a68d12.jpg
Latest trendy outfits for women,ab7bf28c73540477ac93f61bbb09dba2.jpg
Mix and match outfits,8101f627e24e08326c501d5edf60279a.jpg
Cozy fall sweaters,5575dcb082440d0a2513199779c9a33b.jpg
Urban streetwear fashion,ff4973d39bfe38779480fd671c9e861e.jpg
Artsy and eclectic fashion,42438c1c356aa36fd6ae5946deee72a1.jpg
Travel outfits,705ad698dde0725eb51d94e0f9481ac5.jpg
Trending reels outfit,5026e5add7171663405cdc3e70a9d517.jpg
Denim fashion trends,fc0dc6d26e3bd1e8c2d0837744fde5c0.jpg
Neutral color palette fashion,7af9ba3efbd2e8980c52c10e4ed2d79c.jpg
Retro glam outfits,f6b489bf3deabc7dfa7faea58ceeece0.jpg
Summer fashion trends,a1e1d198eefe890dbe35289b99108326.jpg
Futuristic fashion inspiration,1ad6fd03e4f7185ddb0f7a4fa25a0d81.jpg
Trending reels outfit,8ffaa52446f62937131c9769360d073d.png
Monochromatic outfits,13edfc40b16d10df27eaa8324becb249.jpg
Floral fashion inspiration,8498797cc0464485a79d96e7743507e8.jpg
Vintage band t-shirts styling,c58c704d10e4b0fac06c465aa9de7a9e.jpg
Luxury fashion inspiration,c523e4ee60d3490c604aea3f4e1f55bd.jpg
Neon fashion trends,b24a98f7a8719368f2fa39d4d0a18df5.png
Leather fashion trends,4c52454c0f9c14acb44527dc1e7f101f.jpg
Resort wear outfits,f627d915376be1f8161290e00cbade1f.jpg
Edgy streetwear looks,bd0e7edb9097220e1a965a4f0e5331a1.png
Bohemian fashion inspiration,33282d5e3a8b3a83d6c0e164ee505cd6.jpg
Vintage denim styling,4dc514c025e1fd6c7f37e3393040eea9.jpg
Classic wardrobe essentials,cd1a0e52beeeaca958d396fda2cb15e5.png
Preppy fashion inspiration,c03bc880d071bfe2ce428ffa52dae249.png
Minimalist jewelry styling,a72c23d425e268a82317175eaaf0b8cc.jpg
Glamorous party dresses,ed177c569fca9aed4affb7978e463b00.jpg
Chic blazers and suits,0a680b74e4b1c3f68a82a4517781676f.jpg
Edgy leather jackets,0bd193d794aaa029d18ef9e1deb6dd7b.jpg
Western wear outfits,caf170f998732df6e87b8c085e59b483.jpg
Denim on denim outfits,3554a625b0c3893c915c01704d784b7d.jpg
Sporty chic outfits,27a4e5d1f9da0e2edf92d1b3ffcefba2.jpg
Elevated loungewear,f4777bb87b8e30eb0f86b121ce213d70.jpg
Chic blazers and suits,13fca02a2db6be6333d6832948f60e63.jpg
Effortlessly chic outfits,48b6bc1d2686bbe1ecc61c4caa0398b0.jpg
Avant-garde fashion trends,f5b0a03d22d02bf2e0792c9ed1418dab.jpg
Parisian chic outfits,b1aeda2952281768099373e314dc6302.jpg
Leather and lace combinations,a4567f0188c3879227f9c38e88d9da6a.jpg
Classic wardrobe essentials,bd4cdbf86f8bfc8dffbe211dc7ba4210.jpg
Streetwear fashion inspiration,92454e272dcbd5b7f13d36eb3ee7808f.jpg
Festival fashion inspiration,54e87fba537be8a2ee3c9d5ccacf1564.jpg
Street style with sneakers,20a62ae63499b9c4e226f3b0d0f11e9d.jpg
Romantic boho outfits,3de3a031cbe4da9913f2adc96d89bcdb.jpg
Bright and colorful ensembles,2bedd201f8d87eb917002fb1437e1931.jpg
Sustainable and eco-friendly fashion,33f0c4f6bc452ed2c3270023afbe1a8e.jpg
Elegant evening gowns,6ed1cc04943184653c3b30bbfc4d0e95.png
Denim fashion trends,ee3dc262b81f24c54e372fdb4bd38ee1.jpg
Summer fashion trends,db649a5d508899917c3be7131e36f426.jpg
Rocker chic outfits,35c0181c04947ab7bd293d358c147ccf.jpg
Party wear outfits,ec9f49ba1639b0f6514845ea5651fe0d.jpg
Athleisure outfits,72481d3087196c812fadbd45ccc989cf.jpg
Winter fashion inspiration,e773354b96afc776922bc5c5d1e38d25.jpg
Cozy fall sweaters,2bd5b9f29171ec9879bdacac8e343a01.jpg
Denim fashion trends,00fe317f25d029f286a81b0dd4fd12ad.jpg
Vintage denim styling,1af16e672fe0f8a575d8189d9a55007f.jpg
Casual bohemian vibes,ed48251df78adab5f6b73b5f71d11cbd.jpg
Cozy fall sweaters,d87e4a352f10ba29c97f86785f47fa73.jpg
Tropical print clothing,43e9135cb3ff93920237f58bba9c5013.png
Parisian chic outfits,24daa7ccd1ed5bef78b3440dd44b87b7.jpg
Bright and colorful ensembles,79ca55d982b49ba4a8251b8816a71f8d.jpg
Athleisure wear,18501ac455e4e0b8f41c6dcfc20c08f9.jpg
Bold statement pieces,7ea161d8d0120624d91f1b70febcc0cc.jpg
Modest fashion trends,8fc75bc9bf84e445ab3ff0eb30f143cf.jpg
Street style with sneakers,4a65713fce85e01bd0977647e2bbbb10.jpg
Romantic boho outfits,a538c3f94378a5d1a20011119268c27b.jpg
Spring fashion looks,7ed32d8c9468081d02566d498d42dd85.jpg
Latest trendy outfits for men,393a7b6114149ebf809409e2ba7735bf.jpg
Luxury fashion inspiration,319da400d9bf4c66ddbab73838267a9e.png
Statement accessories styling,dcc42fffc777b58e2f4862376961cdd8.jpg
Street style fashion,9728faf51bb18e0ef642a6488e02bd39.jpg
Vintage fashion inspiration,66767e61f9710fda0b2998b761f204b3.jpg
Bold pattern outfits,754835ab4651c16259942af613d8911d.jpg
Minimalist capsule wardrobe,0cbf3e530d13ef6f3324d549b876d7f8.jpg
Edgy streetwear looks,6df4cbe50ac8e6412246e10943d79047.jpg
Street style with sneakers,8055f1d5fcc9209bc5a0450f14fcb604.jpg
Artsy and eclectic fashion,ed2c80d2411194fd000de3c7d211deec.jpg
Chic blazers and suits,3ed4e5138dbb0004afc14258041278ac.jpg
Denim on denim outfits,63a00a0d481f5cb9271360467b53719a.png
Romantic dresses,f30f41f993e2ce1563aa99e01997a4e4.jpg
Mix and match outfits,0f784429cf87575b64500fbdc58bef42.jpg
Luxury fashion inspiration,45a20644b697d3ee5cfcfef12d9e47cc.jpg
Party wear outfits,934df39114040b8615f9142d844fbdc2.jpg
Minimalist jewelry styling,3f4c82ae7e17b7bd3e78afb45f62db35.jpg
Rocker chic outfits,056f90b2e839bf5234954fe269b4f510.jpg
Sustainable fashion looks,7d98a3aff360f3d35872171c5625c9f3.jpg
Vintage denim styling,03ea2c13eb0604328caa0cd0ba8e9ada.jpg
Vintage denim styling,65d1d9b06b30ffe45abe8ec5cc6949bb.jpg
Retro sportswear fashion,008b15311fe8a67f93ad372a45d31511.jpg
Winter fashion inspiration,b8b4fbf47a7ab485a9e733d33d051040.jpg
Spring fashion looks,7404e4b4b1ba97fddbcb19e4d0b58a69.jpg
Business professional attire,7a0ee9d0f059444ae2d5beaad34ab757.jpg
Bold pattern outfits,86ffa94005951abc559e5de44c6946c0.jpg
Edgy leather jackets,f30f0e555c07896cf6f59e113f601aac.jpg
Glamorous party dresses,738a10abce3cb4630b2c872d8333a519.jpg
Business casual attire,768e71cb1bbe44cb29598a3491f29428.jpg
Bold pattern outfits,ef12b4262223a67e8b97d414f15f0de3.jpg
Sporty chic outfits,e73bc8ab31e4db9aa1a72b9504f412e0.jpg
Edgy streetwear looks,8d5f56922385d06021024183c839d30b.jpg
Elegant and timeless fashion,9358fab15ede356ee37349aeed0faa87.png
Casual bohemian vibes,db6785205e602fd15dca265ccb736217.jpg
Athleisure outfits,7597e1fdb1baa6fa624728658fd9a7c3.jpg
Bold pattern outfits,5bc1a682d9fb97ca245bb1f97115b0d8.jpg
Romantic boho outfits,a7975ae4426ece0f2fa342576f3a3ba4.jpg
Grunge-inspired fashion,6e7dfa9350ea8ba476dcb656633a2c94.jpg
Metallic fashion trends,aae437ef0a30c8e6bb86a3ac371b14a1.jpg
Sporty chic outfits,49f7481952681610b7a4a8e1e2aa8e5b.jpg
Futuristic fashion inspiration,4b8fc34bee0d28f0df6d4677352b80dc.jpg
Festival-ready outfits,54e87fba537be8a2ee3c9d5ccacf1564.jpg
Vintage-inspired accessories,89068f4eae32120d2e2f4b48ef2cc8ef.jpg
Romantic boho outfits,f1f52bb59364bdaec1ae030308d2dd5f.jpg
Retro style outfits,a60fe1774eaae7bf0a29cfa5be06d6e7.jpg
Elevated loungewear,a0ea3a1c2e372526c53869284d13c0bd.jpg
Vintage fashion inspiration,ce4344b2030a202ac37c2cf57141eba9.jpg
Vintage denim styling,3d7fe4c766a1cb8b0da28dc2c58a4d2e.jpg
Grunge-inspired fashion,afaaa3b69a85aa9f0f22705952fc3e2c.jpg
Oversized clothing looks,c557672b550592f2fafdbf0bc9e84b66.jpg
Denim on denim outfits,728a51002a7264d5db35248385d15fb7.jpg
Effortlessly chic outfits,f761dfc00928ad8cbaaf077514a51c19.jpg
Celebrity outfits,a98971b7d008e35ec3ca40c52a5189f9.jpg
Cozy fall sweaters,0d56034b0f4378a25f29ce52e2786fa6.jpg
Rocker chic outfits,edd1f690b92f66fbafb2329703b095b4.jpg
Casual summer vibes,428b8b9aaf1e124fd92ce1a4d4611600.jpg
Monochromatic outfits,5c0c596b93debb9da7772469b1c9ba0d.jpg
Artistic and creative ensembles,f1adc1d911f6d684532ea8c2d365c1a3.jpg
Tropical print clothing,a0a21b2802b0bcfe74f5050bf1b88efc.jpg
Latest trendy outfits for women,7f6bd3aa359d9888439d4b582dddd689.jpg
Workwear fashion trends,941172fe596cb66df1f01a257e915bc8.jpg
Business professional attire,30190cd063afc82acc522e5c1ebeb2c2.jpg
Neutral color palette fashion,86074ecb644950fe9a2e552b1602d14f.png
Modest fashion trends,4034f67ec8c31bd509d7d6160d7e4343.jpg
Influencers outfits,4165cbb21911954162ecd25827f1a46a.jpg
Classic wardrobe essentials,3127d94073fdbfea355c5bac6eb4202c.jpg
Travel outfits,bec709137d2766c59e9ccca256b912fb.jpg
Vintage-inspired accessories,f1d989087b9612bd341114470bb341b9.jpg
Boho maxi dresses,2eac5492498c4fd56344b790ef266390.png
Summer fashion trends,a0412483887508d3ae0270eda4c4fb06.jpg
